species,OR,terminal,combination,type,R1,A1,P1,R2,A2,P2,R3,A31,A32,P3
ailuropoda_melanoleuca,LYS,C,1047.C - 1047.A - 104.C,DPD,LX3,CG,1047.C,LX2,CB,1047.A,LXX,C13,C12,104.C
ailuropoda_melanoleuca,LYS,C,1047.C - 1047.A - 99.B,DPD,LX3,CG,1047.C,LX2,CB,1047.A,LXX,C13,C12,99.B
ailuropoda_melanoleuca,LYS,N,9.C - 6.B - 947.B,DPD,LX3,CG,9.C,LX2,CB,6.B,LXX,C13,C12,947.B
ailuropoda_melanoleuca,LYS,N,6.B - 5.B - 9.C - 947.A,DPD,LX3,CG,6.B,LX2,CB,9.C,LXX,C13,C12,947.A
ailuropoda_melanoleuca,LYS,C,1047.C - 1047.A - 104.C,DPL,L3X,CG,1047.C,L2X,CG,1047.A,LYY,C13,C12,104.C
ailuropoda_melanoleuca,LYS,C,1047.C - 1047.A - 99.B,DPL,L3X,CG,1047.C,L2X,CG,1047.A,LYY,C13,C12,99.B
ailuropoda_melanoleuca,LYS,N,9.C - 6.B - 947.B,DPL,L3X,CG,9.C,L2X,CG,6.B,LYY,C13,C12,947.B
ailuropoda_melanoleuca,LYS,N,6.B - 9.C - 947-A,DPL,L3X,CG,6.B,L2X,CG,9.C,LYY,C13,C12,947.A
ailuropoda_melanoleuca,LYS,C,1047.C - 104.C,HLKNL,L5Y,NZ,1047.C,L4Y,CE,104.C,NONE,NONE,NONE,NONE
ailuropoda_melanoleuca,LYS,C,1047.C - 99.B,HLKNL,L5Y,NZ,1047.C,L4Y,CE,99.B,NONE,NONE,NONE,NONE
ailuropoda_melanoleuca,LYS,C,104.C - 1047.A,HLKNL,L5Y,NZ,1047.A,L4Y,CE,104.C,NONE,NONE,NONE,NONE
ailuropoda_melanoleuca,LYS,C,1047.A - 99.B,HLKNL,L5Y,NZ,1047.A,L4Y,CE,99.B,NONE,NONE,NONE,NONE
ailuropoda_melanoleuca,LYS,N,9.C - 947.A,HLKNL,L5Y,NZ,9.C,L4Y,CE,947.A,NONE,NONE,NONE,NONE
ailuropoda_melanoleuca,LYS,N,9.C - 947.B,HLKNL,L5Y,NZ,9.C,L4Y,CE,947.B,NONE,NONE,NONE,NONE
ailuropoda_melanoleuca,LYS,N,947.A - 6.B,HLKNL,L5Y,NZ,6.B,L4Y,CE,947.A,NONE,NONE,NONE,NONE
ailuropoda_melanoleuca,LYS,N,6.B - 947.B,HLKNL,L5Y,NZ,6.B,L4Y,CE,947.B,NONE,NONE,NONE,NONE
ailuropoda_melanoleuca,LYS,C,1047.C - 104.C,LKNL,L5X,NZ,1047.C,L4X,CE,104.C,NONE,NONE,NONE,NONE
ailuropoda_melanoleuca,LYS,C,1047.C - 99.B,LKNL,L5X,NZ,1047.C,L4X,CE,99.B,NONE,NONE,NONE,NONE
ailuropoda_melanoleuca,LYS,C,104.C - 1047.A,LKNL,L5X,NZ,1047.A,L4X,CE,104.C,NONE,NONE,NONE,NONE
ailuropoda_melanoleuca,LYS,C,1047.A - 99.B,LKNL,L5X,NZ,1047.A,L4X,CE,99.B,NONE,NONE,NONE,NONE
ailuropoda_melanoleuca,LYS,N,9.C - 947.A,LKNL,L5X,NZ,9.C,L4X,CE,947.A,NONE,NONE,NONE,NONE
ailuropoda_melanoleuca,LYS,N,9.C - 947.B,LKNL,L5X,NZ,9.C,L4X,CE,947.B,NONE,NONE,NONE,NONE
ailuropoda_melanoleuca,LYS,N,947.A - 6.B,LKNL,L5X,NZ,6.B,L4X,CE,947.A,NONE,NONE,NONE,NONE
ailuropoda_melanoleuca,LYS,N,6.B - 947.B,LKNL,L5X,NZ,6.B,L4X,CE,947.B,NONE,NONE,NONE,NONE
ailuropoda_melanoleuca,LYS,C,1047.C - 104.C,NOCROSS,NONE,NONE,NONE,NONE,NONE,NONE,NONE,NONE,NONE,NONE
ailuropoda_melanoleuca,LYS,C,1047.C - 99.B,NOCROSS,NONE,NONE,NONE,NONE,NONE,NONE,NONE,NONE,NONE,NONE
ailuropoda_melanoleuca,LYS,C,104.C - 1047.A,NOCROSS,NONE,NONE,NONE,NONE,NONE,NONE,NONE,NONE,NONE,NONE
ailuropoda_melanoleuca,LYS,C,1047.A - 99.B,NOCROSS,NONE,NONE,NONE,NONE,NONE,NONE,NONE,NONE,NONE,NONE
ailuropoda_melanoleuca,LYS,N,9.C - 947.A,NOCROSS,NONE,NONE,NONE,NONE,NONE,NONE,NONE,NONE,NONE,NONE
ailuropoda_melanoleuca,LYS,N,9.C - 947.B,NOCROSS,NONE,NONE,NONE,NONE,NONE,NONE,NONE,NONE,NONE,NONE
ailuropoda_melanoleuca,LYS,N,947.A - 6.B,NOCROSS,NONE,NONE,NONE,NONE,NONE,NONE,NONE,NONE,NONE,NONE
ailuropoda_melanoleuca,LYS,N,6.B - 947.B,NOCROSS,NONE,NONE,NONE,NONE,NONE,NONE,NONE,NONE,NONE,NONE
ailuropoda_melanoleuca,LYS,C,1047.C - 1047.A - 104.C,PYD,LY3,CG,1047.C,LY2,CB,1047.A,LYX,C13,C12,104.C
ailuropoda_melanoleuca,LYS,C,1047.C - 1047.A - 99.B,PYD,LY3,CG,1047.C,LY2,CB,1047.A,LYX,C13,C12,99.B
ailuropoda_melanoleuca,LYS,N,9.C - 6.B - 947.B,PYD,LY3,CG,9.C,LY2,CB,6.B,LYX,C13,C12,947.B
ailuropoda_melanoleuca,LYS,N,6.B - 6.B - 9.C - 947.A,PYD,LY3,CG,6.B,LY2,CB,9.C,LYX,C13,C12,947.A
ailuropoda_melanoleuca,LYS,C,1047.C - 1047.A - 104.C,PYL,L3Y,CG,1047.C,L2Y,CG,1047.A,LXY,C13,C12,104.C
ailuropoda_melanoleuca,LYS,C,1047.C - 1047.A - 99.B,PYL,L3Y,CG,1047.C,L2Y,CG,1047.A,LXY,C13,C12,99.B
ailuropoda_melanoleuca,LYS,N,9.C - 6.B - 947.B,PYL,L3Y,CG,9.C,L2Y,CG,6.B,LXY,C13,C12,947.B
ailuropoda_melanoleuca,LYS,N,6.B - 9.C - 947.A ,PYL,L3Y,CG,6.B,L2Y,CG,9.C,LXY,C13,C12,947.A
ailuropoda_melanoleuca,LYS,C,1047.C - 104.C,deHHLNL,LY5,NZ,1047.C,LY4,CE,104.C,NONE,NONE,NONE,NONE
ailuropoda_melanoleuca,LYS,C,1047.C - 99.B,deHHLNL,LY5,NZ,1047.C,LY4,CE,99.B,NONE,NONE,NONE,NONE
ailuropoda_melanoleuca,LYS,C,104.C - 1047.A,deHHLNL,LY5,NZ,1047.A,LY4,CE,104.C,NONE,NONE,NONE,NONE
ailuropoda_melanoleuca,LYS,C,1047.A - 99.B,deHHLNL,LY5,NZ,1047.A,LY4,CE,99.B,NONE,NONE,NONE,NONE
ailuropoda_melanoleuca,LYS,N,9.C - 947.A,deHHLNL,LY5,NZ,9.C,LY4,CE,947.A,NONE,NONE,NONE,NONE
ailuropoda_melanoleuca,LYS,N,9.C - 947.B,deHHLNL,LY5,NZ,9.C,LY4,CE,947.B,NONE,NONE,NONE,NONE
ailuropoda_melanoleuca,LYS,N,947.A - 6.B,deHHLNL,LY5,NZ,6.B,LY4,CE,947.A,NONE,NONE,NONE,NONE
ailuropoda_melanoleuca,LYS,N,6.B - 947.B,deHHLNL,LY5,NZ,6.B,LY4,CE,947.B,NONE,NONE,NONE,NONE
ailuropoda_melanoleuca,LYS,C,1047.C - 104.C,deHLNL,LX5,NZ,1047.C,LX4,CE,104.C,NONE,NONE,NONE,NONE
ailuropoda_melanoleuca,LYS,C,1047.C - 99.B,deHLNL,LX5,NZ,1047.C,LX4,CE,99.B,NONE,NONE,NONE,NONE
ailuropoda_melanoleuca,LYS,C,104.C - 1047.A,deHLNL,LX5,NZ,1047.A,LX4,CE,104.C,NONE,NONE,NONE,NONE
ailuropoda_melanoleuca,LYS,C,1047.A - 99.B,deHLNL,LX5,NZ,1047.A,LX4,CE,99.B,NONE,NONE,NONE,NONE
ailuropoda_melanoleuca,LYS,N,9.C - 947.A,deHLNL,LX5,NZ,9.C,LX4,CE,947.A,NONE,NONE,NONE,NONE
ailuropoda_melanoleuca,LYS,N,9.C - 947.B,deHLNL,LX5,NZ,9.C,LX4,CE,947.B,NONE,NONE,NONE,NONE
ailuropoda_melanoleuca,LYS,N,947.A - 6.B,deHLNL,LX5,NZ,6.B,LX4,CE,947.A,NONE,NONE,NONE,NONE
ailuropoda_melanoleuca,LYS,N,6.B - 947.B,deHLNL,LX5,NZ,6.B,LX4,CE,947.B,NONE,NONE,NONE,NONE
bos_taurus,LYS,C,1046.C - 1046.A -103.C,DPD,LX3,CG,1046.C,LX2,CB,1046.A,LXX,C13,C12,103.C
bos_taurus,LYS,C,1046.C - 1046.A  - 96.B,DPD,LX3,CG,1046.C,LX2,CB,1046.A,LXX,C13,C12,96.B
bos_taurus,LYS,N,5.B - 9.C - 942.B,DPD,LX3,CG,9.C,LX2,CB,5.B,LXX,C13,C12,942.B
bos_taurus,LYS,N,5.B - 9.C - 946.A,DPD,LX3,CG,5.B,LX2,CB,9.C,LXX,C13,C12,946.A
bos_taurus,LYS,C,1046.C - 1046.A - 103.C,DPL,L3X,CG,1046.C,L2X,CG,1046.A,LYY,C13,C12,103.C
bos_taurus,LYS,C,1046.C - 1046.A  - 96.B,DPL,L3X,CG,1046.C,L2X,CG,1046.A,LYY,C13,C12,96.B
bos_taurus,LYS,N,5.B - 9.C - 942.B,DPL,L3X,CG,9.C,L2X,CG,5.B,LYY,C13,C12,942.B
bos_taurus,LYS,N,5.B - 9.C - 946.A,DPL,L3X,CG,5.B,L2X,CG,9.C,LYY,C13,C12,946.A
bos_taurus,LYS,C,1046.C - 103.C,HLKNL,L5Y,NZ,1046.C,L4Y,CE,103.C,NONE,NONE,NONE,NONE
bos_taurus,LYS,C,1046.C - 96.B,HLKNL,L5Y,NZ,1046.C,L4Y,CE,96.B,NONE,NONE,NONE,NONE
bos_taurus,LYS,C,103.C - 1046.A,HLKNL,L5Y,NZ,1046.A,L4Y,CE,103.C,NONE,NONE,NONE,NONE
bos_taurus,LYS,C,1046.A - 96.B,HLKNL,L5Y,NZ,1046.A,L4Y,CE,96.B,NONE,NONE,NONE,NONE
bos_taurus,LYS,N,9.C - 946.A,HLKNL,L5Y,NZ,9.C,L4Y,CE,946.A,NONE,NONE,NONE,NONE
bos_taurus,LYS,N,9.C - 942.B,HLKNL,L5Y,NZ,9.C,L4Y,CE,942.B,NONE,NONE,NONE,NONE
bos_taurus,LYS,N,946.A - 5.B,HLKNL,L5Y,NZ,5.B,L4Y,CE,946.A,NONE,NONE,NONE,NONE
bos_taurus,LYS,N,5.B - 942.B,HLKNL,L5Y,NZ,5.B,L4Y,CE,942.B,NONE,NONE,NONE,NONE
bos_taurus,LYS,C,1046.C - 103.C,LKNL,L5X,NZ,1046.C,L4X,CE,103.C,NONE,NONE,NONE,NONE
bos_taurus,LYS,C,1046.C - 96.B,LKNL,L5X,NZ,1046.C,L4X,CE,96.B,NONE,NONE,NONE,NONE
bos_taurus,LYS,C,103.C - 1046.A,LKNL,L5X,NZ,1046.A,L4X,CE,103.C,NONE,NONE,NONE,NONE
bos_taurus,LYS,C,1046.A - 96.B,LKNL,L5X,NZ,1046.A,L4X,CE,96.B,NONE,NONE,NONE,NONE
bos_taurus,LYS,N,9.C - 946.A,LKNL,L5X,NZ,9.C,L4X,CE,946.A,NONE,NONE,NONE,NONE
bos_taurus,LYS,N,9.C - 942.B,LKNL,L5X,NZ,9.C,L4X,CE,942.B,NONE,NONE,NONE,NONE
bos_taurus,LYS,N,946.A - 5.B,LKNL,L5X,NZ,5.B,L4X,CE,946.A,NONE,NONE,NONE,NONE
bos_taurus,LYS,N,5.B - 942.B,LKNL,L5X,NZ,5.B,L4X,CE,942.B,NONE,NONE,NONE,NONE
bos_taurus,LYS,C,1046.C - 103.C,NOCROSS,NONE,NONE,NONE,NONE,NONE,NONE,NONE,NONE,NONE,NONE
bos_taurus,LYS,C,1046.C - 96.B,NOCROSS,NONE,NONE,NONE,NONE,NONE,NONE,NONE,NONE,NONE,NONE
bos_taurus,LYS,C,103.C - 1046.A,NOCROSS,NONE,NONE,NONE,NONE,NONE,NONE,NONE,NONE,NONE,NONE
bos_taurus,LYS,C,1046.A - 96.B,NOCROSS,NONE,NONE,NONE,NONE,NONE,NONE,NONE,NONE,NONE,NONE
bos_taurus,LYS,N,9.C - 946.A,NOCROSS,NONE,NONE,NONE,NONE,NONE,NONE,NONE,NONE,NONE,NONE
bos_taurus,LYS,N,9.C - 942.B,NOCROSS,NONE,NONE,NONE,NONE,NONE,NONE,NONE,NONE,NONE,NONE
bos_taurus,LYS,N,946.A - 5.B,NOCROSS,NONE,NONE,NONE,NONE,NONE,NONE,NONE,NONE,NONE,NONE
bos_taurus,LYS,N,5.B - 942.B,NOCROSS,NONE,NONE,NONE,NONE,NONE,NONE,NONE,NONE,NONE,NONE
bos_taurus,LYS,C,1046.C - 1046.A - 103.C,PYD,LY3,CG,1046.C,LY2,CB,1046.A,LYX,C13,C12,103.C
bos_taurus,LYS,C,1046.C - 1046.A - 96.B,PYD,LY3,CG,1046.C,LY2,CB,1046.A,LYX,C13,C12,96.B
bos_taurus,LYS,N,5.B - 9.C - 942.B,PYD,LY3,CG,9.C,LY2,CB,5.B,LYX,C13,C12,942.B
bos_taurus,LYS,N,5.B - 9.C - 946.A,PYD,LY3,CG,5.B,LY2,CB,9.C,LYX,C13,C12,946.A
bos_taurus,LYS,C,1046.C - 1046.A - 103.C,PYL,L3Y,CG,1046.C,L2Y,CG,1046.A,LXY,C13,C12,103.C
bos_taurus,LYS,C,1046.C - 1046.A - 96.B,PYL,L3Y,CG,1046.C,L2Y,CG,1046.A,LXY,C13,C12,96.B
bos_taurus,LYS,N,5.B - 9.C - 942.B,PYL,L3Y,CG,9.C,L2Y,CG,5.B,LXY,C13,C12,942.B
bos_taurus,LYS,N,5.B - 9.C - 946.A,PYL,L3Y,CG,5.B,L2Y,CG,9.C,LXY,C13,C12,946.A
bos_taurus,LYS,C,1046.C - 103.C,deHHLNL,LY5,NZ,1046.C,LY4,CE,103.C,NONE,NONE,NONE,NONE
bos_taurus,LYS,C,1046.C - 96.B,deHHLNL,LY5,NZ,1046.C,LY4,CE,96.B,NONE,NONE,NONE,NONE
bos_taurus,LYS,C,103.C - 1046.A,deHHLNL,LY5,NZ,1046.A,LY4,CE,103.C,NONE,NONE,NONE,NONE
bos_taurus,LYS,C,1046.A - 96.B,deHHLNL,LY5,NZ,1046.A,LY4,CE,96.B,NONE,NONE,NONE,NONE
bos_taurus,LYS,N,9.C - 946.A,deHHLNL,LY5,NZ,9.C,LY4,CE,946.A,NONE,NONE,NONE,NONE
bos_taurus,LYS,N,9.C - 942.B,deHHLNL,LY5,NZ,9.C,LY4,CE,942.B,NONE,NONE,NONE,NONE
bos_taurus,LYS,N,946.A - 5.B,deHHLNL,LY5,NZ,5.B,LY4,CE,946.A,NONE,NONE,NONE,NONE
bos_taurus,LYS,N,5.B - 942.B,deHHLNL,LY5,NZ,5.B,LY4,CE,942.B,NONE,NONE,NONE,NONE
bos_taurus,LYS,C,1046.C - 103.C,deHLNL,LX5,NZ,1046.C,LX4,CE,103.C,NONE,NONE,NONE,NONE
bos_taurus,LYS,C,1046.C - 96.B,deHLNL,LX5,NZ,1046.C,LX4,CE,96.B,NONE,NONE,NONE,NONE
bos_taurus,LYS,C,103.C - 1046.A,deHLNL,LX5,NZ,1046.A,LX4,CE,103.C,NONE,NONE,NONE,NONE
bos_taurus,LYS,C,1046.A - 96.B,deHLNL,LX5,NZ,1046.A,LX4,CE,96.B,NONE,NONE,NONE,NONE
bos_taurus,LYS,N,9.C - 946.A,deHLNL,LX5,NZ,9.C,LX4,CE,946.A,NONE,NONE,NONE,NONE
bos_taurus,LYS,N,9.C - 942.B,deHLNL,LX5,NZ,9.C,LX4,CE,942.B,NONE,NONE,NONE,NONE
bos_taurus,LYS,N,946.A - 5.B,deHLNL,LX5,NZ,5.B,LX4,CE,946.A,NONE,NONE,NONE,NONE
bos_taurus,LYS,N,5.B - 942.B,deHLNL,LX5,NZ,5.B,LX4,CE,942.B,NONE,NONE,NONE,NONE
callithrix_jacchus,LYS,C,1047.C - 1047.A - 104.C,DPD,LX3,CG,1047.C,LX2,CB,1047.A,LXX,C13,C12,104.C
callithrix_jacchus,LYS,C,1047.C - 1047.A - 98.B,DPD,LX3,CG,1047.C,LX2,CB,1047.A,LXX,C13,C12,98.B
callithrix_jacchus,LYS,N,9.C - 5.B - 944.B,DPD,LX3,CG,9.C,LX2,CB,5.B,LXX,C13,C12,944.B
callithrix_jacchus,LYS,N,5.B - 9.C - 947.A,DPD,LX3,CG,5.B,LX2,CB,9.C,LXX,C13,C12,947.A
callithrix_jacchus,LYS,C,1047.C - 1047.A - 104.C,DPL,L3X,CG,1047.C,L2X,CG,1047.A,LYY,C13,C12,104.C
callithrix_jacchus,LYS,C,1047.C - 1047.A - 98.B,DPL,L3X,CG,1047.C,L2X,CG,1047.A,LYY,C13,C12,98.B
callithrix_jacchus,LYS,N,9.C - 5.B - 944.B,DPL,L3X,CG,9.C,L2X,CG,5.B,LYY,C13,C12,944.B
callithrix_jacchus,LYS,N,5.B - 9.C - 947.A,DPL,L3X,CG,5.B,L2X,CG,9.C,LYY,C13,C12,947.A
callithrix_jacchus,LYS,C,1047.C - 104.C,HLKNL,L5Y,NZ,1047.C,L4Y,CE,104.C,NONE,NONE,NONE,NONE
callithrix_jacchus,LYS,C,1047.C - 98.B,HLKNL,L5Y,NZ,1047.C,L4Y,CE,98.B,NONE,NONE,NONE,NONE
callithrix_jacchus,LYS,C,104.C - 1047.A,HLKNL,L5Y,NZ,1047.A,L4Y,CE,104.C,NONE,NONE,NONE,NONE
callithrix_jacchus,LYS,C,1047.A - 98.B,HLKNL,L5Y,NZ,1047.A,L4Y,CE,98.B,NONE,NONE,NONE,NONE
callithrix_jacchus,LYS,N,9.C - 947.A,HLKNL,L5Y,NZ,9.C,L4Y,CE,947.A,NONE,NONE,NONE,NONE
callithrix_jacchus,LYS,N,9.C - 944.B,HLKNL,L5Y,NZ,9.C,L4Y,CE,944.B,NONE,NONE,NONE,NONE
callithrix_jacchus,LYS,N,947.A - 5.B,HLKNL,L5Y,NZ,5.B,L4Y,CE,947.A,NONE,NONE,NONE,NONE
callithrix_jacchus,LYS,N,5.B - 944.B,HLKNL,L5Y,NZ,5.B,L4Y,CE,944.B,NONE,NONE,NONE,NONE
callithrix_jacchus,LYS,C,1047.C - 104.C,LKNL,L5X,NZ,1047.C,L4X,CE,104.C,NONE,NONE,NONE,NONE
callithrix_jacchus,LYS,C,1047.C - 98.B,LKNL,L5X,NZ,1047.C,L4X,CE,98.B,NONE,NONE,NONE,NONE
callithrix_jacchus,LYS,C,104.C - 1047.A,LKNL,L5X,NZ,1047.A,L4X,CE,104.C,NONE,NONE,NONE,NONE
callithrix_jacchus,LYS,C,1047.A - 98.B,LKNL,L5X,NZ,1047.A,L4X,CE,98.B,NONE,NONE,NONE,NONE
callithrix_jacchus,LYS,N,9.C - 947.A,LKNL,L5X,NZ,9.C,L4X,CE,947.A,NONE,NONE,NONE,NONE
callithrix_jacchus,LYS,N,9.C - 944.B,LKNL,L5X,NZ,9.C,L4X,CE,944.B,NONE,NONE,NONE,NONE
callithrix_jacchus,LYS,N,947.A - 5.B,LKNL,L5X,NZ,5.B,L4X,CE,947.A,NONE,NONE,NONE,NONE
callithrix_jacchus,LYS,N,5.B - 944.B,LKNL,L5X,NZ,5.B,L4X,CE,944.B,NONE,NONE,NONE,NONE
callithrix_jacchus,LYS,C,1047.C - 104.C,NOCROSS,NONE,NONE,NONE,NONE,NONE,NONE,NONE,NONE,NONE,NONE
callithrix_jacchus,LYS,C,1047.C - 98.B,NOCROSS,NONE,NONE,NONE,NONE,NONE,NONE,NONE,NONE,NONE,NONE
callithrix_jacchus,LYS,C,104.C - 1047.A,NOCROSS,NONE,NONE,NONE,NONE,NONE,NONE,NONE,NONE,NONE,NONE
callithrix_jacchus,LYS,C,1047.A - 98.B,NOCROSS,NONE,NONE,NONE,NONE,NONE,NONE,NONE,NONE,NONE,NONE
callithrix_jacchus,LYS,N,9.C - 947.A,NOCROSS,NONE,NONE,NONE,NONE,NONE,NONE,NONE,NONE,NONE,NONE
callithrix_jacchus,LYS,N,9.C - 944.B,NOCROSS,NONE,NONE,NONE,NONE,NONE,NONE,NONE,NONE,NONE,NONE
callithrix_jacchus,LYS,N,947.A - 5.B,NOCROSS,NONE,NONE,NONE,NONE,NONE,NONE,NONE,NONE,NONE,NONE
callithrix_jacchus,LYS,N,5.B - 944.B,NOCROSS,NONE,NONE,NONE,NONE,NONE,NONE,NONE,NONE,NONE,NONE
callithrix_jacchus,LYS,C,1047.C - 1047.A - 104.C,PYD,LY3,CG,1047.C,LY2,CB,1047.A,LYX,C13,C12,104.C
callithrix_jacchus,LYS,C,1047.C - 1047.A - 98.B,PYD,LY3,CG,1047.C,LY2,CB,1047.A,LYX,C13,C12,98.B
callithrix_jacchus,LYS,N,9.C - 5.B - 944.B,PYD,LY3,CG,9.C,LY2,CB,5.B,LYX,C13,C12,944.B
callithrix_jacchus,LYS,N,5.B - 9.C - 947.A,PYD,LY3,CG,5.B,LY2,CB,9.C,LYX,C13,C12,947.A
callithrix_jacchus,LYS,C,1047.C - 1047.A - 104.C,PYL,L3Y,CG,1047.C,L2Y,CG,1047.A,LXY,C13,C12,104.C
callithrix_jacchus,LYS,C,1047.C - 1047.A - 98.B,PYL,L3Y,CG,1047.C,L2Y,CG,1047.A,LXY,C13,C12,98.B
callithrix_jacchus,LYS,N,9.C - 5.B - 944.B,PYL,L3Y,CG,9.C,L2Y,CG,5.B,LXY,C13,C12,944.B
callithrix_jacchus,LYS,N,5.B - 9.C - 947.A,PYL,L3Y,CG,5.B,L2Y,CG,9.C,LXY,C13,C12,947.A
callithrix_jacchus,LYS,C,1047.C - 104.C,deHHLNL,LY5,NZ,1047.C,LY4,CE,104.C,NONE,NONE,NONE,NONE
callithrix_jacchus,LYS,C,1047.C - 98.B,deHHLNL,LY5,NZ,1047.C,LY4,CE,98.B,NONE,NONE,NONE,NONE
callithrix_jacchus,LYS,C,104.C - 1047.A,deHHLNL,LY5,NZ,1047.A,LY4,CE,104.C,NONE,NONE,NONE,NONE
callithrix_jacchus,LYS,C,1047.A - 98.B,deHHLNL,LY5,NZ,1047.A,LY4,CE,98.B,NONE,NONE,NONE,NONE
callithrix_jacchus,LYS,N,9.C - 947.A,deHHLNL,LY5,NZ,9.C,LY4,CE,947.A,NONE,NONE,NONE,NONE
callithrix_jacchus,LYS,N,9.C - 944.B,deHHLNL,LY5,NZ,9.C,LY4,CE,944.B,NONE,NONE,NONE,NONE
callithrix_jacchus,LYS,N,947.A - 5.B,deHHLNL,LY5,NZ,5.B,LY4,CE,947.A,NONE,NONE,NONE,NONE
callithrix_jacchus,LYS,N,5.B - 944.B,deHHLNL,LY5,NZ,5.B,LY4,CE,944.B,NONE,NONE,NONE,NONE
callithrix_jacchus,LYS,C,1047.C - 104.C,deHLNL,LX5,NZ,1047.C,LX4,CE,104.C,NONE,NONE,NONE,NONE
callithrix_jacchus,LYS,C,1047.C - 98.B,deHLNL,LX5,NZ,1047.C,LX4,CE,98.B,NONE,NONE,NONE,NONE
callithrix_jacchus,LYS,C,104.C - 1047.A,deHLNL,LX5,NZ,1047.A,LX4,CE,104.C,NONE,NONE,NONE,NONE
callithrix_jacchus,LYS,C,1047.A - 98.B,deHLNL,LX5,NZ,1047.A,LX4,CE,98.B,NONE,NONE,NONE,NONE
callithrix_jacchus,LYS,N,9.C - 947.A,deHLNL,LX5,NZ,9.C,LX4,CE,947.A,NONE,NONE,NONE,NONE
callithrix_jacchus,LYS,N,9.C - 944.B,deHLNL,LX5,NZ,9.C,LX4,CE,944.B,NONE,NONE,NONE,NONE
callithrix_jacchus,LYS,N,947.A - 5.B,deHLNL,LX5,NZ,5.B,LX4,CE,947.A,NONE,NONE,NONE,NONE
callithrix_jacchus,LYS,N,5.B - 944.B,deHLNL,LX5,NZ,5.B,LX4,CE,944.B,NONE,NONE,NONE,NONE
canis_lupus,LYS,C,1047.C - 1047.A - 104.C,DPD,LX3,CG,1047.C,LX2,CB,1047.A,LXX,C13,C12,104.C
canis_lupus,LYS,C,1047.C - 1047.A - 98.B,DPD,LX3,CG,1047.C,LX2,CB,1047.A,LXX,C13,C12,98.B
canis_lupus,LYS,N,9.C - 5.B - 944.B,DPD,LX3,CG,9.C,LX2,CB,5.B,LXX,C13,C12,944.B
canis_lupus,LYS,N,5.B - 9.C - 947.A,DPD,LX3,CG,5.B,LX2,CB,9.C,LXX,C13,C12,947.A
canis_lupus,LYS,C,1047.C - 1047.A - 104.C,DPL,L3X,CG,1047.C,L2X,CG,1047.A,LYY,C13,C12,104.C
canis_lupus,LYS,C,1047.C - 1047.A - 98.B,DPL,L3X,CG,1047.C,L2X,CG,1047.A,LYY,C13,C12,98.B
canis_lupus,LYS,N,9.C - 5.B - 944.B,DPL,L3X,CG,9.C,L2X,CG,5.B,LYY,C13,C12,944.B
canis_lupus,LYS,N,5.B - 9.C - 947.A,DPL,L3X,CG,5.B,L2X,CG,9.C,LYY,C13,C12,947.A
canis_lupus,LYS,C,1047.C - 104.C,HLKNL,L5Y,NZ,1047.C,L4Y,CE,104.C,NONE,NONE,NONE,NONE
canis_lupus,LYS,C,1047.C - 98.B,HLKNL,L5Y,NZ,1047.C,L4Y,CE,98.B,NONE,NONE,NONE,NONE
canis_lupus,LYS,C,104.C - 1047.A,HLKNL,L5Y,NZ,1047.A,L4Y,CE,104.C,NONE,NONE,NONE,NONE
canis_lupus,LYS,C,1047.A - 98.B,HLKNL,L5Y,NZ,1047.A,L4Y,CE,98.B,NONE,NONE,NONE,NONE
canis_lupus,LYS,N,9.C - 947.A,HLKNL,L5Y,NZ,9.C,L4Y,CE,947.A,NONE,NONE,NONE,NONE
canis_lupus,LYS,N,9.C - 944.B,HLKNL,L5Y,NZ,9.C,L4Y,CE,944.B,NONE,NONE,NONE,NONE
canis_lupus,LYS,N,947.A - 5.B,HLKNL,L5Y,NZ,5.B,L4Y,CE,947.A,NONE,NONE,NONE,NONE
canis_lupus,LYS,N,5.B - 944.B,HLKNL,L5Y,NZ,5.B,L4Y,CE,944.B,NONE,NONE,NONE,NONE
canis_lupus,LYS,C,1047.C - 104.C,LKNL,L5X,NZ,1047.C,L4X,CE,104.C,NONE,NONE,NONE,NONE
canis_lupus,LYS,C,1047.C - 98.B,LKNL,L5X,NZ,1047.C,L4X,CE,98.B,NONE,NONE,NONE,NONE
canis_lupus,LYS,C,104.C - 1047.A,LKNL,L5X,NZ,1047.A,L4X,CE,104.C,NONE,NONE,NONE,NONE
canis_lupus,LYS,C,1047.A - 98.B,LKNL,L5X,NZ,1047.A,L4X,CE,98.B,NONE,NONE,NONE,NONE
canis_lupus,LYS,N,9.C - 947.A,LKNL,L5X,NZ,9.C,L4X,CE,947.A,NONE,NONE,NONE,NONE
canis_lupus,LYS,N,9.C - 944.B,LKNL,L5X,NZ,9.C,L4X,CE,944.B,NONE,NONE,NONE,NONE
canis_lupus,LYS,N,947.A - 5.B,LKNL,L5X,NZ,5.B,L4X,CE,947.A,NONE,NONE,NONE,NONE
canis_lupus,LYS,N,5.B - 944.B,LKNL,L5X,NZ,5.B,L4X,CE,944.B,NONE,NONE,NONE,NONE
canis_lupus,LYS,C,1047.C - 104.C,NOCROSS,NONE,NONE,NONE,NONE,NONE,NONE,NONE,NONE,NONE,NONE
canis_lupus,LYS,C,1047.C - 98.B,NOCROSS,NONE,NONE,NONE,NONE,NONE,NONE,NONE,NONE,NONE,NONE
canis_lupus,LYS,C,104.C - 1047.A,NOCROSS,NONE,NONE,NONE,NONE,NONE,NONE,NONE,NONE,NONE,NONE
canis_lupus,LYS,C,1047.A - 98.B,NOCROSS,NONE,NONE,NONE,NONE,NONE,NONE,NONE,NONE,NONE,NONE
canis_lupus,LYS,N,9.C - 947.A,NOCROSS,NONE,NONE,NONE,NONE,NONE,NONE,NONE,NONE,NONE,NONE
canis_lupus,LYS,N,9.C - 944.B,NOCROSS,NONE,NONE,NONE,NONE,NONE,NONE,NONE,NONE,NONE,NONE
canis_lupus,LYS,N,947.A - 5.B,NOCROSS,NONE,NONE,NONE,NONE,NONE,NONE,NONE,NONE,NONE,NONE
canis_lupus,LYS,N,5.B - 944.B,NOCROSS,NONE,NONE,NONE,NONE,NONE,NONE,NONE,NONE,NONE,NONE
canis_lupus,LYS,C,1047.C - 1047.A - 104.C,PYD,LY3,CG,1047.C,LY2,CB,1047.A,LYX,C13,C12,104.C
canis_lupus,LYS,C,1047.C - 1047.A - 98.B,PYD,LY3,CG,1047.C,LY2,CB,1047.A,LYX,C13,C12,98.B
canis_lupus,LYS,N,9.C - 5.B - 944.B,PYD,LY3,CG,9.C,LY2,CB,5.B,LYX,C13,C12,944.B
canis_lupus,LYS,N,5.B - 9.C - 947.A,PYD,LY3,CG,5.B,LY2,CB,9.C,LYX,C13,C12,947.A
canis_lupus,LYS,C,1047.C - 1047.A - 104.C,PYL,L3Y,CG,1047.C,L2Y,CG,1047.A,LXY,C13,C12,104.C
canis_lupus,LYS,C,1047.C - 1047.A - 98.B,PYL,L3Y,CG,1047.C,L2Y,CG,1047.A,LXY,C13,C12,98.B
canis_lupus,LYS,N,9.C - 5.B - 944.B,PYL,L3Y,CG,9.C,L2Y,CG,5.B,LXY,C13,C12,944.B
canis_lupus,LYS,N,5.B - 9.C - 947.A,PYL,L3Y,CG,5.B,L2Y,CG,9.C,LXY,C13,C12,947.A
canis_lupus,LYS,C,1047.C - 104.C,deHHLNL,LY5,NZ,1047.C,LY4,CE,104.C,NONE,NONE,NONE,NONE
canis_lupus,LYS,C,1047.C - 98.B,deHHLNL,LY5,NZ,1047.C,LY4,CE,98.B,NONE,NONE,NONE,NONE
canis_lupus,LYS,C,104.C - 1047.A,deHHLNL,LY5,NZ,1047.A,LY4,CE,104.C,NONE,NONE,NONE,NONE
canis_lupus,LYS,C,1047.A - 98.B,deHHLNL,LY5,NZ,1047.A,LY4,CE,98.B,NONE,NONE,NONE,NONE
canis_lupus,LYS,N,9.C - 947.A,deHHLNL,LY5,NZ,9.C,LY4,CE,947.A,NONE,NONE,NONE,NONE
canis_lupus,LYS,N,9.C - 944.B,deHHLNL,LY5,NZ,9.C,LY4,CE,944.B,NONE,NONE,NONE,NONE
canis_lupus,LYS,N,947.A - 5.B,deHHLNL,LY5,NZ,5.B,LY4,CE,947.A,NONE,NONE,NONE,NONE
canis_lupus,LYS,N,5.B - 944.B,deHHLNL,LY5,NZ,5.B,LY4,CE,944.B,NONE,NONE,NONE,NONE
canis_lupus,LYS,C,1047.C - 104.C,deHLNL,LX5,NZ,1047.C,LX4,CE,104.C,NONE,NONE,NONE,NONE
canis_lupus,LYS,C,1047.C - 98.B,deHLNL,LX5,NZ,1047.C,LX4,CE,98.B,NONE,NONE,NONE,NONE
canis_lupus,LYS,C,104.C - 1047.A,deHLNL,LX5,NZ,1047.A,LX4,CE,104.C,NONE,NONE,NONE,NONE
canis_lupus,LYS,C,1047.A - 98.B,deHLNL,LX5,NZ,1047.A,LX4,CE,98.B,NONE,NONE,NONE,NONE
canis_lupus,LYS,N,9.C - 947.A,deHLNL,LX5,NZ,9.C,LX4,CE,947.A,NONE,NONE,NONE,NONE
canis_lupus,LYS,N,9.C - 944.B,deHLNL,LX5,NZ,9.C,LX4,CE,944.B,NONE,NONE,NONE,NONE
canis_lupus,LYS,N,947.A - 5.B,deHLNL,LX5,NZ,5.B,LX4,CE,947.A,NONE,NONE,NONE,NONE
canis_lupus,LYS,N,5.B - 944.B,deHLNL,LX5,NZ,5.B,LX4,CE,944.B,NONE,NONE,NONE,NONE
danio_rerio,LYS,C,1043.C - 1043.A - 103.C,DPD,LX3,CG,1043.C,LX2,CB,1043.A,LXX,C13,C12,103.C
danio_rerio,LYS,C,1043.C - 1043.A - 99.B,DPD,LX3,CG,1043.C,LX2,CB,1043.A,LXX,C13,C12,99.B
danio_rerio,LYS,N,6.B - 9.C - 946.A,DPD,LX3,CG,6.B,LX2,CB,9.C,LXX,C13,C12,946.A
danio_rerio,LYS,C,1043.C - 1043.A - 103.C,DPL,L3X,CG,1043.C,L2X,CG,1043.A,LYY,C13,C12,103.C
danio_rerio,LYS,C,1043.C - 1043.A - 99.B,DPL,L3X,CG,1043.C,L2X,CG,1043.A,LYY,C13,C12,99.B
danio_rerio,LYS,N,6.B - 9.C - 946.A,DPL,L3X,CG,6.B,L2X,CG,9.C,LYY,C13,C12,946.A
danio_rerio,LYS,C,103.C - 1043.A,HLKNL,L5Y,NZ,1043.A,L4Y,CE,103.C,NONE,NONE,NONE,NONE
danio_rerio,LYS,C,103.C - 1043.C,HLKNL,L5Y,NZ,1043.C,L4Y,CE,103.C,NONE,NONE,NONE,NONE
danio_rerio,LYS,C,1043.A - 99.B,HLKNL,L5Y,NZ,1043.A,L4Y,CE,99.B,NONE,NONE,NONE,NONE
danio_rerio,LYS,C,1043.C - 99.B,HLKNL,L5Y,NZ,1043.C,L4Y,CE,99.B,NONE,NONE,NONE,NONE
danio_rerio,LYS,N,9.C - 946.A,HLKNL,L5Y,NZ,9.C,L4Y,CE,946.A,NONE,NONE,NONE,NONE
danio_rerio,LYS,N,946.A - 6.B,HLKNL,L5Y,NZ,6.B,L4Y,CE,946.A,NONE,NONE,NONE,NONE
danio_rerio,LYS,C,103.C - 1043.A,LKNL,L5X,NZ,1043.A,L4X,CE,103.C,NONE,NONE,NONE,NONE
danio_rerio,LYS,C,103.C - 1043.C,LKNL,L5X,NZ,1043.C,L4X,CE,103.C,NONE,NONE,NONE,NONE
danio_rerio,LYS,C,1043.A - 99.B,LKNL,L5X,NZ,1043.A,L4X,CE,99.B,NONE,NONE,NONE,NONE
danio_rerio,LYS,C,1043.C - 99.B,LKNL,L5X,NZ,1043.C,L4X,CE,99.B,NONE,NONE,NONE,NONE
danio_rerio,LYS,N,9.C - 946.A,LKNL,L5X,NZ,9.C,L4X,CE,946.A,NONE,NONE,NONE,NONE
danio_rerio,LYS,N,946.A - 6.B,LKNL,L5X,NZ,6.B,L4X,CE,946.A,NONE,NONE,NONE,NONE
danio_rerio,LYS,C,103.C - 1043.A,NOCROSS,NONE,NONE,NONE,NONE,NONE,NONE,NONE,NONE,NONE,NONE
danio_rerio,LYS,C,103.C - 1043.C,NOCROSS,NONE,NONE,NONE,NONE,NONE,NONE,NONE,NONE,NONE,NONE
danio_rerio,LYS,C,1043.A - 99.B,NOCROSS,NONE,NONE,NONE,NONE,NONE,NONE,NONE,NONE,NONE,NONE
danio_rerio,LYS,C,1043.C - 99.B,NOCROSS,NONE,NONE,NONE,NONE,NONE,NONE,NONE,NONE,NONE,NONE
danio_rerio,LYS,N,9.C - 946.A,NOCROSS,NONE,NONE,NONE,NONE,NONE,NONE,NONE,NONE,NONE,NONE
danio_rerio,LYS,N,946.A - 6.B,NOCROSS,NONE,NONE,NONE,NONE,NONE,NONE,NONE,NONE,NONE,NONE
danio_rerio,LYS,C,1043.C - 1043.A - 103.C,PYD,LY3,CG,1043.C,LY2,CB,1043.A,LYX,C13,C12,103.C
danio_rerio,LYS,C,1043.C - 1043.A - 99.B,PYD,LY3,CG,1043.C,LY2,CB,1043.A,LYX,C13,C12,99.B
danio_rerio,LYS,N,6.B - 9.C - 946.A,PYD,LY3,CG,6.B,LY2,CB,9.C,LYX,C13,C12,946.A
danio_rerio,LYS,C,1043.C - 1043.A - 103.C,PYL,L3Y,CG,1043.C,L2Y,CG,1043.A,LXY,C13,C12,103.C
danio_rerio,LYS,C,1043.C - 1043.A - 99.B,PYL,L3Y,CG,1043.C,L2Y,CG,1043.A,LXY,C13,C12,99.B
danio_rerio,LYS,N,6.B - 9.C - 946.A,PYL,L3Y,CG,6.B,L2Y,CG,9.C,LXY,C13,C12,946.A
danio_rerio,LYS,C,103.C - 1043.A,deHHLNL,LY5,NZ,1043.A,LY4,CE,103.C,NONE,NONE,NONE,NONE
danio_rerio,LYS,C,103.C - 1043.C,deHHLNL,LY5,NZ,1043.C,LY4,CE,103.C,NONE,NONE,NONE,NONE
danio_rerio,LYS,C,1043.A - 99.B,deHHLNL,LY5,NZ,1043.A,LY4,CE,99.B,NONE,NONE,NONE,NONE
danio_rerio,LYS,C,1043.C - 99.B,deHHLNL,LY5,NZ,1043.C,LY4,CE,99.B,NONE,NONE,NONE,NONE
danio_rerio,LYS,N,9.C - 946.A,deHHLNL,LY5,NZ,9.C,LY4,CE,946.A,NONE,NONE,NONE,NONE
danio_rerio,LYS,N,946.A - 6.B,deHHLNL,LY5,NZ,6.B,LY4,CE,946.A,NONE,NONE,NONE,NONE
danio_rerio,LYS,C,103.C - 1043.A,deHLNL,LX5,NZ,1043.A,LX4,CE,103.C,NONE,NONE,NONE,NONE
danio_rerio,LYS,C,103.C - 1043.C,deHLNL,LX5,NZ,1043.C,LX4,CE,103.C,NONE,NONE,NONE,NONE
danio_rerio,LYS,C,1043.A - 99.B,deHLNL,LX5,NZ,1043.A,LX4,CE,99.B,NONE,NONE,NONE,NONE
danio_rerio,LYS,C,1043.C - 99.B,deHLNL,LX5,NZ,1043.C,LX4,CE,99.B,NONE,NONE,NONE,NONE
danio_rerio,LYS,N,9.C - 946.A,deHLNL,LX5,NZ,9.C,LX4,CE,946.A,NONE,NONE,NONE,NONE
danio_rerio,LYS,N,946.A - 6.B,deHLNL,LX5,NZ,6.B,LX4,CE,946.A,NONE,NONE,NONE,NONE
gasterosteus_aculeatus,LYS,C,1044.C - 1044.A - 103.C,DPD,LX3,CG,1044.C,LX2,CB,1044.A,LXX,C13,C12,103.C
gasterosteus_aculeatus,LYS,C,1044.C - 1044.A - 98.B,DPD,LX3,CG,1044.C,LX2,CB,1044.A,LXX,C13,C12,98.B
gasterosteus_aculeatus,LYS,N,6.B - 9.C - 946.A,DPD,LX3,CG,6.B,LX2,CB,9.C,LXX,C13,C12,946.A
gasterosteus_aculeatus,LYS,C,1044.C - 1044.A - 103.C,DPL,L3X,CG,1044.C,L2X,CG,1044.A,LYY,C13,C12,103.C
gasterosteus_aculeatus,LYS,C,1044.C - 1044.A - 98.B,DPL,L3X,CG,1044.C,L2X,CG,1044.A,LYY,C13,C12,98.B
gasterosteus_aculeatus,LYS,N,6.B - 9.C - 946.A,DPL,L3X,CG,6.B,L2X,CG,9.C,LYY,C13,C12,946.A
gasterosteus_aculeatus,LYS,C,103.C - 1044.C,HLKNL,L5Y,NZ,1044.C,L4Y,CE,103.C,NONE,NONE,NONE,NONE
gasterosteus_aculeatus,LYS,C,103.C - 1044.A,HLKNL,L5Y,NZ,1044.A,L4Y,CE,103.C,NONE,NONE,NONE,NONE
gasterosteus_aculeatus,LYS,C,1044.C - 98.B,HLKNL,L5Y,NZ,1044.C,L4Y,CE,98.B,NONE,NONE,NONE,NONE
gasterosteus_aculeatus,LYS,C,1044.A - 98.B,HLKNL,L5Y,NZ,1044.A,L4Y,CE,98.B,NONE,NONE,NONE,NONE
gasterosteus_aculeatus,LYS,N,9.C - 946.A,HLKNL,L5Y,NZ,9.C,L4Y,CE,946.A,NONE,NONE,NONE,NONE
gasterosteus_aculeatus,LYS,N,946.A - 6.B,HLKNL,L5Y,NZ,6.B,L4Y,CE,946.A,NONE,NONE,NONE,NONE
gasterosteus_aculeatus,LYS,C,103.C - 1044.C,LKNL,L5X,NZ,1044.C,L4X,CE,103.C,NONE,NONE,NONE,NONE
gasterosteus_aculeatus,LYS,C,103.C - 1044.A,LKNL,L5X,NZ,1044.A,L4X,CE,103.C,NONE,NONE,NONE,NONE
gasterosteus_aculeatus,LYS,C,1044.C - 98.B,LKNL,L5X,NZ,1044.C,L4X,CE,98.B,NONE,NONE,NONE,NONE
gasterosteus_aculeatus,LYS,C,1044.A - 98.B,LKNL,L5X,NZ,1044.A,L4X,CE,98.B,NONE,NONE,NONE,NONE
gasterosteus_aculeatus,LYS,N,9.C - 946.A,LKNL,L5X,NZ,9.C,L4X,CE,946.A,NONE,NONE,NONE,NONE
gasterosteus_aculeatus,LYS,N,946.A - 6.B,LKNL,L5X,NZ,6.B,L4X,CE,946.A,NONE,NONE,NONE,NONE
gasterosteus_aculeatus,LYS,C,103.C - 1044.C,NOCROSS,NONE,NONE,NONE,NONE,NONE,NONE,NONE,NONE,NONE,NONE
gasterosteus_aculeatus,LYS,C,103.C - 1044.A,NOCROSS,NONE,NONE,NONE,NONE,NONE,NONE,NONE,NONE,NONE,NONE
gasterosteus_aculeatus,LYS,C,1044.C - 98.B,NOCROSS,NONE,NONE,NONE,NONE,NONE,NONE,NONE,NONE,NONE,NONE
gasterosteus_aculeatus,LYS,C,1044.A - 98.B,NOCROSS,NONE,NONE,NONE,NONE,NONE,NONE,NONE,NONE,NONE,NONE
gasterosteus_aculeatus,LYS,N,9.C - 946.A,NOCROSS,NONE,NONE,NONE,NONE,NONE,NONE,NONE,NONE,NONE,NONE
gasterosteus_aculeatus,LYS,N,946.A - 6.B,NOCROSS,NONE,NONE,NONE,NONE,NONE,NONE,NONE,NONE,NONE,NONE
gasterosteus_aculeatus,LYS,C,1044.C - 1044.A - 103.C,PYD,LY3,CG,1044.C,LY2,CB,1044.A,LYX,C13,C12,103.C
gasterosteus_aculeatus,LYS,C,1044.C - 1044.A - 98.B,PYD,LY3,CG,1044.C,LY2,CB,1044.A,LYX,C13,C12,98.B
gasterosteus_aculeatus,LYS,N,6.B - 9.C - 946.A,PYD,LY3,CG,6.B,LY2,CB,9.C,LYX,C13,C12,946.A
gasterosteus_aculeatus,LYS,C,1044.C - 1044.A - 103.C,PYL,L3Y,CG,1044.C,L2Y,CG,1044.A,LXY,C13,C12,103.C
gasterosteus_aculeatus,LYS,C,1044.C - 1044.A - 98.B,PYL,L3Y,CG,1044.C,L2Y,CG,1044.A,LXY,C13,C12,98.B
gasterosteus_aculeatus,LYS,N,6.B - 9.C - 946.A,PYL,L3Y,CG,6.B,L2Y,CG,9.C,LXY,C13,C12,946.A
gasterosteus_aculeatus,LYS,C,103.C - 1044.C,deHHLNL,LY5,NZ,1044.C,LY4,CE,103.C,NONE,NONE,NONE,NONE
gasterosteus_aculeatus,LYS,C,103.C - 1044.A,deHHLNL,LY5,NZ,1044.A,LY4,CE,103.C,NONE,NONE,NONE,NONE
gasterosteus_aculeatus,LYS,C,1044.C - 98.B,deHHLNL,LY5,NZ,1044.C,LY4,CE,98.B,NONE,NONE,NONE,NONE
gasterosteus_aculeatus,LYS,C,1044.A - 98.B,deHHLNL,LY5,NZ,1044.A,LY4,CE,98.B,NONE,NONE,NONE,NONE
gasterosteus_aculeatus,LYS,N,9.C - 946.A,deHHLNL,LY5,NZ,9.C,LY4,CE,946.A,NONE,NONE,NONE,NONE
gasterosteus_aculeatus,LYS,N,946.A - 6.B,deHHLNL,LY5,NZ,6.B,LY4,CE,946.A,NONE,NONE,NONE,NONE
gasterosteus_aculeatus,LYS,C,103.C - 1044.C,deHLNL,LX5,NZ,1044.C,LX4,CE,103.C,NONE,NONE,NONE,NONE
gasterosteus_aculeatus,LYS,C,103.C - 1044.A,deHLNL,LX5,NZ,1044.A,LX4,CE,103.C,NONE,NONE,NONE,NONE
gasterosteus_aculeatus,LYS,C,1044.C - 98.B,deHLNL,LX5,NZ,1044.C,LX4,CE,98.B,NONE,NONE,NONE,NONE
gasterosteus_aculeatus,LYS,C,1044.A - 98.B,deHLNL,LX5,NZ,1044.A,LX4,CE,98.B,NONE,NONE,NONE,NONE
gasterosteus_aculeatus,LYS,N,9.C - 946.A,deHLNL,LX5,NZ,9.C,LX4,CE,946.A,NONE,NONE,NONE,NONE
gasterosteus_aculeatus,LYS,N,946.A - 6.B,deHLNL,LX5,NZ,6.B,LX4,CE,946.A,NONE,NONE,NONE,NONE
homo_sapiens,LYS,C,1047.C - 1047.A - 104.C,DPD,LX3,CG,1047.C,LX2,CB,1047.A,LXX,C13,C12,104.C
homo_sapiens,LYS,C,1047.C - 1047.A - 98.B,DPD,LX3,CG,1047.C,LX2,CB,1047.A,LXX,C13,C12,98.B
homo_sapiens,LYS,N,9.C - 5.B - 944.B,DPD,LX3,CG,9.C,LX2,CB,5.B,LXX,C13,C12,944.B
homo_sapiens,LYS,N,5.B - 9.C - 947.A,DPD,LX3,CG,5.B,LX2,CB,9.C,LXX,C13,C12,947.A
homo_sapiens,LYS,C,1047.C - 1047.A - 104.C,DPL,L3X,CG,1047.C,L2X,CG,1047.A,LYY,C13,C12,104.C
homo_sapiens,LYS,C,1047.C - 1047.A - 98.B,DPL,L3X,CG,1047.C,L2X,CG,1047.A,LYY,C13,C12,98.B
homo_sapiens,LYS,N,9.C - 5.B - 944.B,DPL,L3X,CG,9.C,L2X,CG,5.B,LYY,C13,C12,944.B
homo_sapiens,LYS,N,5.B - 9.C - 947.A,DPL,L3X,CG,5.B,L2X,CG,9.C,LYY,C13,C12,947.A
homo_sapiens,LYS,C,1047.C - 104.C,HLKNL,L5Y,NZ,1047.C,L4Y,CE,104.C,NONE,NONE,NONE,NONE
homo_sapiens,LYS,C,1047.C - 98.B,HLKNL,L5Y,NZ,1047.C,L4Y,CE,98.B,NONE,NONE,NONE,NONE
homo_sapiens,LYS,C,104.C - 1047.A,HLKNL,L5Y,NZ,1047.A,L4Y,CE,104.C,NONE,NONE,NONE,NONE
homo_sapiens,LYS,C,1047.A - 98.B,HLKNL,L5Y,NZ,1047.A,L4Y,CE,98.B,NONE,NONE,NONE,NONE
homo_sapiens,LYS,N,9.C - 947.A,HLKNL,L5Y,NZ,9.C,L4Y,CE,947.A,NONE,NONE,NONE,NONE
homo_sapiens,LYS,N,9.C - 944.B,HLKNL,L5Y,NZ,9.C,L4Y,CE,944.B,NONE,NONE,NONE,NONE
homo_sapiens,LYS,N,947.A - 5.B,HLKNL,L5Y,NZ,5.B,L4Y,CE,947.A,NONE,NONE,NONE,NONE
homo_sapiens,LYS,N,5.B - 944.B,HLKNL,L5Y,NZ,5.B,L4Y,CE,944.B,NONE,NONE,NONE,NONE
homo_sapiens,LYS,C,1047.C - 104.C,LKNL,L5X,NZ,1047.C,L4X,CE,104.C,NONE,NONE,NONE,NONE
homo_sapiens,LYS,C,1047.C - 98.B,LKNL,L5X,NZ,1047.C,L4X,CE,98.B,NONE,NONE,NONE,NONE
homo_sapiens,LYS,C,104.C - 1047.A,LKNL,L5X,NZ,1047.A,L4X,CE,104.C,NONE,NONE,NONE,NONE
homo_sapiens,LYS,C,1047.A - 98.B,LKNL,L5X,NZ,1047.A,L4X,CE,98.B,NONE,NONE,NONE,NONE
homo_sapiens,LYS,N,9.C - 947.A,LKNL,L5X,NZ,9.C,L4X,CE,947.A,NONE,NONE,NONE,NONE
homo_sapiens,LYS,N,9.C - 944.B,LKNL,L5X,NZ,9.C,L4X,CE,944.B,NONE,NONE,NONE,NONE
homo_sapiens,LYS,N,947.A - 5.B,LKNL,L5X,NZ,5.B,L4X,CE,947.A,NONE,NONE,NONE,NONE
homo_sapiens,LYS,N,5.B - 944.B,LKNL,L5X,NZ,5.B,L4X,CE,944.B,NONE,NONE,NONE,NONE
homo_sapiens,LYS,C,1047.C - 104.C,NOCROSS,NONE,NONE,NONE,NONE,NONE,NONE,NONE,NONE,NONE,NONE
homo_sapiens,LYS,C,1047.C - 98.B,NOCROSS,NONE,NONE,NONE,NONE,NONE,NONE,NONE,NONE,NONE,NONE
homo_sapiens,LYS,C,104.C - 1047.A,NOCROSS,NONE,NONE,NONE,NONE,NONE,NONE,NONE,NONE,NONE,NONE
homo_sapiens,LYS,C,1047.A - 98.B,NOCROSS,NONE,NONE,NONE,NONE,NONE,NONE,NONE,NONE,NONE,NONE
homo_sapiens,LYS,N,9.C - 947.A,NOCROSS,NONE,NONE,NONE,NONE,NONE,NONE,NONE,NONE,NONE,NONE
homo_sapiens,LYS,N,9.C - 944.B,NOCROSS,NONE,NONE,NONE,NONE,NONE,NONE,NONE,NONE,NONE,NONE
homo_sapiens,LYS,N,947.A - 5.B,NOCROSS,NONE,NONE,NONE,NONE,NONE,NONE,NONE,NONE,NONE,NONE
homo_sapiens,LYS,N,5.B - 944.B,NOCROSS,NONE,NONE,NONE,NONE,NONE,NONE,NONE,NONE,NONE,NONE
homo_sapiens,LYS,C,1047.C - 1047.A - 104.C,PYD,LY3,CG,1047.C,LY2,CB,1047.A,LYX,C13,C12,104.C
homo_sapiens,LYS,C,1047.C - 1047.A - 98.B,PYD,LY3,CG,1047.C,LY2,CB,1047.A,LYX,C13,C12,98.B
homo_sapiens,LYS,N,9.C - 5.B - 944.B,PYD,LY3,CG,9.C,LY2,CB,5.B,LYX,C13,C12,944.B
homo_sapiens,LYS,N,5.B - 9.C - 947.A,PYD,LY3,CG,5.B,LY2,CB,9.C,LYX,C13,C12,947.A
homo_sapiens,LYS,C,1047.C - 1047.A - 104.C,PYL,L3Y,CG,1047.C,L2Y,CG,1047.A,LXY,C13,C12,104.C
homo_sapiens,LYS,C,1047.C - 1047.A - 98.B,PYL,L3Y,CG,1047.C,L2Y,CG,1047.A,LXY,C13,C12,98.B
homo_sapiens,LYS,N,9.C - 5.B - 944.B,PYL,L3Y,CG,9.C,L2Y,CG,5.B,LXY,C13,C12,944.B
homo_sapiens,LYS,N,5.B - 9.C - 947.A,PYL,L3Y,CG,5.B,L2Y,CG,9.C,LXY,C13,C12,947.A
homo_sapiens,LYS,C,1047.C - 104.C,deHHLNL,LY5,NZ,1047.C,LY4,CE,104.C,NONE,NONE,NONE,NONE
homo_sapiens,LYS,C,1047.C - 98.B,deHHLNL,LY5,NZ,1047.C,LY4,CE,98.B,NONE,NONE,NONE,NONE
homo_sapiens,LYS,C,104.C - 1047.A,deHHLNL,LY5,NZ,1047.A,LY4,CE,104.C,NONE,NONE,NONE,NONE
homo_sapiens,LYS,C,1047.A - 98.B,deHHLNL,LY5,NZ,1047.A,LY4,CE,98.B,NONE,NONE,NONE,NONE
homo_sapiens,LYS,N,9.C - 947.A,deHHLNL,LY5,NZ,9.C,LY4,CE,947.A,NONE,NONE,NONE,NONE
homo_sapiens,LYS,N,9.C - 944.B,deHHLNL,LY5,NZ,9.C,LY4,CE,944.B,NONE,NONE,NONE,NONE
homo_sapiens,LYS,N,947.A - 5.B,deHHLNL,LY5,NZ,5.B,LY4,CE,947.A,NONE,NONE,NONE,NONE
homo_sapiens,LYS,N,5.B - 944.B,deHHLNL,LY5,NZ,5.B,LY4,CE,944.B,NONE,NONE,NONE,NONE
homo_sapiens,LYS,C,1047.C - 104.C,deHLNL,LX5,NZ,1047.C,LX4,CE,104.C,NONE,NONE,NONE,NONE
homo_sapiens,LYS,C,1047.C - 98.B,deHLNL,LX5,NZ,1047.C,LX4,CE,98.B,NONE,NONE,NONE,NONE
homo_sapiens,LYS,C,104.C - 1047.A,deHLNL,LX5,NZ,1047.A,LX4,CE,104.C,NONE,NONE,NONE,NONE
homo_sapiens,LYS,C,1047.A - 98.B,deHLNL,LX5,NZ,1047.A,LX4,CE,98.B,NONE,NONE,NONE,NONE
homo_sapiens,LYS,N,9.C - 947.A,deHLNL,LX5,NZ,9.C,LX4,CE,947.A,NONE,NONE,NONE,NONE
homo_sapiens,LYS,N,9.C - 944.B,deHLNL,LX5,NZ,9.C,LX4,CE,944.B,NONE,NONE,NONE,NONE
homo_sapiens,LYS,N,947.A - 5.B,deHLNL,LX5,NZ,5.B,LX4,CE,947.A,NONE,NONE,NONE,NONE
homo_sapiens,LYS,N,5.B - 944.B,deHLNL,LX5,NZ,5.B,LX4,CE,944.B,NONE,NONE,NONE,NONE
loxodonta_africana,LYS,C,1051.C - 1051.A - 104.C,DPD,LX3,CG,1051.C,LX2,CB,1051.A,LXX,C13,C12,104.C
loxodonta_africana,LYS,C,1051.C - 1051.A - 98.B,DPD,LX3,CG,1051.C,LX2,CB,1051.A,LXX,C13,C12,98.B
loxodonta_africana,LYS,N,9.C - 5.B - 944.B,DPD,LX3,CG,9.C,LX2,CB,5.B,LXX,C13,C12,944.B
loxodonta_africana,LYS,N,5.B - 9.C - 951.A,DPD,LX3,CG,5.B,LX2,CB,9.C,LXX,C13,C12,951.A
loxodonta_africana,LYS,C,1051.C - 1051.A - 104.C,DPL,L3X,CG,1051.C,L2X,CG,1051.A,LYY,C13,C12,104.C
loxodonta_africana,LYS,C,1051.C - 1051.A - 98.B,DPL,L3X,CG,1051.C,L2X,CG,1051.A,LYY,C13,C12,98.B
loxodonta_africana,LYS,N,9.C - 5.B - 944.B,DPL,L3X,CG,9.C,L2X,CG,5.B,LYY,C13,C12,944.B
loxodonta_africana,LYS,N,5.B - 9.C - 951.A,DPL,L3X,CG,5.B,L2X,CG,9.C,LYY,C13,C12,951.A
loxodonta_africana,LYS,C,1051.C - 104.C,HLKNL,L5Y,NZ,1051.C,L4Y,CE,104.C,NONE,NONE,NONE,NONE
loxodonta_africana,LYS,C,1051.C - 98.B,HLKNL,L5Y,NZ,1051.C,L4Y,CE,98.B,NONE,NONE,NONE,NONE
loxodonta_africana,LYS,C,104.C - 1051.A,HLKNL,L5Y,NZ,1051.A,L4Y,CE,104.C,NONE,NONE,NONE,NONE
loxodonta_africana,LYS,C,1051.A - 98.B,HLKNL,L5Y,NZ,1051.A,L4Y,CE,98.B,NONE,NONE,NONE,NONE
loxodonta_africana,LYS,N,9.C - 944.B,HLKNL,L5Y,NZ,9.C,L4Y,CE,944.B,NONE,NONE,NONE,NONE
loxodonta_africana,LYS,N,5.B - 944.B,HLKNL,L5Y,NZ,5.B,L4Y,CE,944.B,NONE,NONE,NONE,NONE
loxodonta_africana,LYS,N,9.C - 951.A,HLKNL,L5Y,NZ,9.C,L4Y,CE,951.A,NONE,NONE,NONE,NONE
loxodonta_africana,LYS,N,951.A - 5.B,HLKNL,L5Y,NZ,5.B,L4Y,CE,951.A,NONE,NONE,NONE,NONE
loxodonta_africana,LYS,C,1051.C - 104.C,LKNL,L5X,NZ,1051.C,L4X,CE,104.C,NONE,NONE,NONE,NONE
loxodonta_africana,LYS,C,1051.C - 98.B,LKNL,L5X,NZ,1051.C,L4X,CE,98.B,NONE,NONE,NONE,NONE
loxodonta_africana,LYS,C,104.C - 1051.A,LKNL,L5X,NZ,1051.A,L4X,CE,104.C,NONE,NONE,NONE,NONE
loxodonta_africana,LYS,C,1051.A - 98.B,LKNL,L5X,NZ,1051.A,L4X,CE,98.B,NONE,NONE,NONE,NONE
loxodonta_africana,LYS,N,9.C - 944.B,LKNL,L5X,NZ,9.C,L4X,CE,944.B,NONE,NONE,NONE,NONE
loxodonta_africana,LYS,N,5.B - 944.B,LKNL,L5X,NZ,5.B,L4X,CE,944.B,NONE,NONE,NONE,NONE
loxodonta_africana,LYS,N,9.C - 951.A,LKNL,L5X,NZ,9.C,L4X,CE,951.A,NONE,NONE,NONE,NONE
loxodonta_africana,LYS,N,951.A - 5.B,LKNL,L5X,NZ,5.B,L4X,CE,951.A,NONE,NONE,NONE,NONE
loxodonta_africana,LYS,C,1051.C - 104.C,NOCROSS,NONE,NONE,NONE,NONE,NONE,NONE,NONE,NONE,NONE,NONE
loxodonta_africana,LYS,C,1051.C - 98.B,NOCROSS,NONE,NONE,NONE,NONE,NONE,NONE,NONE,NONE,NONE,NONE
loxodonta_africana,LYS,C,104.C - 1051.A,NOCROSS,NONE,NONE,NONE,NONE,NONE,NONE,NONE,NONE,NONE,NONE
loxodonta_africana,LYS,C,1051.A - 98.B,NOCROSS,NONE,NONE,NONE,NONE,NONE,NONE,NONE,NONE,NONE,NONE
loxodonta_africana,LYS,N,9.C - 944.B,NOCROSS,NONE,NONE,NONE,NONE,NONE,NONE,NONE,NONE,NONE,NONE
loxodonta_africana,LYS,N,5.B - 944.B,NOCROSS,NONE,NONE,NONE,NONE,NONE,NONE,NONE,NONE,NONE,NONE
loxodonta_africana,LYS,N,9.C - 951.A,NOCROSS,NONE,NONE,NONE,NONE,NONE,NONE,NONE,NONE,NONE,NONE
loxodonta_africana,LYS,N,951.A - 5.B,NOCROSS,NONE,NONE,NONE,NONE,NONE,NONE,NONE,NONE,NONE,NONE
loxodonta_africana,LYS,C,1051.C - 1051.A - 104.C,PYD,LY3,CG,1051.C,LY2,CB,1051.A,LYX,C13,C12,104.C
loxodonta_africana,LYS,C,1051.C - 1051.A - 98.B,PYD,LY3,CG,1051.C,LY2,CB,1051.A,LYX,C13,C12,98.B
loxodonta_africana,LYS,N,9.C - 5.B - 944.B,PYD,LY3,CG,9.C,LY2,CB,5.B,LYX,C13,C12,944.B
loxodonta_africana,LYS,N,5.B - 9.C - 951.A,PYD,LY3,CG,5.B,LY2,CB,9.C,LYX,C13,C12,951.A
loxodonta_africana,LYS,C,1051.C - 1051.A - 104.C,PYL,L3Y,CG,1051.C,L2Y,CG,1051.A,LXY,C13,C12,104.C
loxodonta_africana,LYS,C,1051.C - 1051.A - 98.B,PYL,L3Y,CG,1051.C,L2Y,CG,1051.A,LXY,C13,C12,98.B
loxodonta_africana,LYS,N,9.C - 5.B - 944.B,PYL,L3Y,CG,9.C,L2Y,CG,5.B,LXY,C13,C12,944.B
loxodonta_africana,LYS,N,5.B - 9.C - 951.A,PYL,L3Y,CG,5.B,L2Y,CG,9.C,LXY,C13,C12,951.A
loxodonta_africana,LYS,C,1051.C - 104.C,deHHLNL,LY5,NZ,1051.C,LY4,CE,104.C,NONE,NONE,NONE,NONE
loxodonta_africana,LYS,C,1051.C - 98.B,deHHLNL,LY5,NZ,1051.C,LY4,CE,98.B,NONE,NONE,NONE,NONE
loxodonta_africana,LYS,C,104.C - 1051.A,deHHLNL,LY5,NZ,1051.A,LY4,CE,104.C,NONE,NONE,NONE,NONE
loxodonta_africana,LYS,C,1051.A - 98.B,deHHLNL,LY5,NZ,1051.A,LY4,CE,98.B,NONE,NONE,NONE,NONE
loxodonta_africana,LYS,N,9.C - 944.B,deHHLNL,LY5,NZ,9.C,LY4,CE,944.B,NONE,NONE,NONE,NONE
loxodonta_africana,LYS,N,5.B - 944.B,deHHLNL,LY5,NZ,5.B,LY4,CE,944.B,NONE,NONE,NONE,NONE
loxodonta_africana,LYS,N,9.C - 951.A,deHHLNL,LY5,NZ,9.C,LY4,CE,951.A,NONE,NONE,NONE,NONE
loxodonta_africana,LYS,N,951.A - 5.B,deHHLNL,LY5,NZ,5.B,LY4,CE,951.A,NONE,NONE,NONE,NONE
loxodonta_africana,LYS,C,1051.C - 104.C,deHLNL,LX5,NZ,1051.C,LX4,CE,104.C,NONE,NONE,NONE,NONE
loxodonta_africana,LYS,C,1051.C - 98.B,deHLNL,LX5,NZ,1051.C,LX4,CE,98.B,NONE,NONE,NONE,NONE
loxodonta_africana,LYS,C,104.C - 1051.A,deHLNL,LX5,NZ,1051.A,LX4,CE,104.C,NONE,NONE,NONE,NONE
loxodonta_africana,LYS,C,1051.A - 98.B,deHLNL,LX5,NZ,1051.A,LX4,CE,98.B,NONE,NONE,NONE,NONE
loxodonta_africana,LYS,N,9.C - 944.B,deHLNL,LX5,NZ,9.C,LX4,CE,944.B,NONE,NONE,NONE,NONE
loxodonta_africana,LYS,N,5.B - 944.B,deHLNL,LX5,NZ,5.B,LX4,CE,944.B,NONE,NONE,NONE,NONE
loxodonta_africana,LYS,N,9.C - 951.A,deHLNL,LX5,NZ,9.C,LX4,CE,951.A,NONE,NONE,NONE,NONE
loxodonta_africana,LYS,N,951.A - 5.B,deHLNL,LX5,NZ,5.B,LX4,CE,951.A,NONE,NONE,NONE,NONE
mus_musculus,LYS,C,1046.C - 1046.A -103.C,DPD,LX3,CG,1046.C,LX2,CB,1046.A,LXX,C13,C12,103.C
mus_musculus,LYS,C,1046.C - 1046.A - 98.B,DPD,LX3,CG,1046.C,LX2,CB,1046.A,LXX,C13,C12,98.B
mus_musculus,LYS,N,5.B - 9.C - 946.A,DPD,LX3,CG,5.B,LX2,CB,9.C,LXX,C13,C12,946.A
mus_musculus,LYS,N,9.C - 5.B - 944.B,DPD,LX3,CG,9.C,LX2,CB,5.B,LXX,C13,C12,944.B
mus_musculus,LYS,C,1046.C - 1046.A - 103.C,DPL,L3X,CG,1046.C,L2X,CG,1046.A,LYY,C13,C12,103.C
mus_musculus,LYS,C,1046.C - 1046.A - 98.B,DPL,L3X,CG,1046.C,L2X,CG,1046.A,LYY,C13,C12,98.B
mus_musculus,LYS,N,5.B - 9.C - 946.A,DPL,L3X,CG,5.B,L2X,CG,9.C,LYY,C13,C12,946.A
mus_musculus,LYS,N,9.C - 5.B - 944.B,DPL,L3X,CG,9.C,L2X,CG,5.B,LYY,C13,C12,944.B
mus_musculus,LYS,C,1046.C - 103.C,HLKNL,L5Y,NZ,1046.C,L4Y,CE,103.C,NONE,NONE,NONE,NONE
mus_musculus,LYS,C,1046.C - 98.B,HLKNL,L5Y,NZ,1046.C,L4Y,CE,98.B,NONE,NONE,NONE,NONE
mus_musculus,LYS,C,103.C - 1046.A,HLKNL,L5Y,NZ,1046.A,L4Y,CE,103.C,NONE,NONE,NONE,NONE
mus_musculus,LYS,C,1046.A - 98.B,HLKNL,L5Y,NZ,1046.A,L4Y,CE,98.B,NONE,NONE,NONE,NONE
mus_musculus,LYS,N,9.C - 946.A,HLKNL,L5Y,NZ,9.C,L4Y,CE,946.A,NONE,NONE,NONE,NONE
mus_musculus,LYS,N,9.C - 944.B,HLKNL,L5Y,NZ,9.C,L4Y,CE,944.B,NONE,NONE,NONE,NONE
mus_musculus,LYS,N,5.B - 944.B,HLKNL,L5Y,NZ,5.B,L4Y,CE,944.B,NONE,NONE,NONE,NONE
mus_musculus,LYS,N,946.A - 5.B,HLKNL,L5Y,NZ,5.B,L4Y,CE,946.A,NONE,NONE,NONE,NONE
mus_musculus,LYS,C,1046.C - 103.C,LKNL,L5X,NZ,1046.C,L4X,CE,103.C,NONE,NONE,NONE,NONE
mus_musculus,LYS,C,1046.C - 98.B,LKNL,L5X,NZ,1046.C,L4X,CE,98.B,NONE,NONE,NONE,NONE
mus_musculus,LYS,C,103.C - 1046.A,LKNL,L5X,NZ,1046.A,L4X,CE,103.C,NONE,NONE,NONE,NONE
mus_musculus,LYS,C,1046.A - 98.B,LKNL,L5X,NZ,1046.A,L4X,CE,98.B,NONE,NONE,NONE,NONE
mus_musculus,LYS,N,9.C - 946.A,LKNL,L5X,NZ,9.C,L4X,CE,946.A,NONE,NONE,NONE,NONE
mus_musculus,LYS,N,9.C - 944.B,LKNL,L5X,NZ,9.C,L4X,CE,944.B,NONE,NONE,NONE,NONE
mus_musculus,LYS,N,5.B - 944.B,LKNL,L5X,NZ,5.B,L4X,CE,944.B,NONE,NONE,NONE,NONE
mus_musculus,LYS,N,946.A - 5.B,LKNL,L5X,NZ,5.B,L4X,CE,946.A,NONE,NONE,NONE,NONE
mus_musculus,LYS,C,1046.C - 103.C,NOCROSS,NONE,NONE,NONE,NONE,NONE,NONE,NONE,NONE,NONE,NONE
mus_musculus,LYS,C,1046.C - 98.B,NOCROSS,NONE,NONE,NONE,NONE,NONE,NONE,NONE,NONE,NONE,NONE
mus_musculus,LYS,C,103.C - 1046.A,NOCROSS,NONE,NONE,NONE,NONE,NONE,NONE,NONE,NONE,NONE,NONE
mus_musculus,LYS,C,1046.A - 98.B,NOCROSS,NONE,NONE,NONE,NONE,NONE,NONE,NONE,NONE,NONE,NONE
mus_musculus,LYS,N,9.C - 946.A,NOCROSS,NONE,NONE,NONE,NONE,NONE,NONE,NONE,NONE,NONE,NONE
mus_musculus,LYS,N,9.C - 944.B,NOCROSS,NONE,NONE,NONE,NONE,NONE,NONE,NONE,NONE,NONE,NONE
mus_musculus,LYS,N,5.B - 944.B,NOCROSS,NONE,NONE,NONE,NONE,NONE,NONE,NONE,NONE,NONE,NONE
mus_musculus,LYS,N,946.A - 5.B,NOCROSS,NONE,NONE,NONE,NONE,NONE,NONE,NONE,NONE,NONE,NONE
mus_musculus,LYS,C,1046.C - 1046.A - 103.C,PYD,LY3,CG,1046.C,LY2,CB,1046.A,LYX,C13,C12,103.C
mus_musculus,LYS,C,1046.C - 1046.A - 98.B,PYD,LY3,CG,1046.C,LY2,CB,1046.A,LYX,C13,C12,98.B
mus_musculus,LYS,N,6.B - 9.C - 946.A,PYD,LY3,CG,5.B,LY2,CB,9.C,LYX,C13,C12,946.A
mus_musculus,LYS,N,9.C - 5.B - 944.B,PYD,LY3,CG,9.C,LY2,CB,5.B,LYX,C13,C12,944.B
mus_musculus,LYS,C,1046.C - 1046.A - 103.C,PYL,L3Y,CG,1046.C,L2Y,CG,1046.A,LXY,C13,C12,103.C
mus_musculus,LYS,C,1046.C - 1046.A - 98.B,PYL,L3Y,CG,1046.C,L2Y,CG,1046.A,LXY,C13,C12,98.B
mus_musculus,LYS,N,6.B - 9.C - 946.A,PYL,L3Y,CG,5.B,L2Y,CG,9.C,LXY,C13,C12,946.A
mus_musculus,LYS,N,9.C - 5.B - 944.B,PYL,L3Y,CG,9.C,L2Y,CG,5.B,LXY,C13,C12,944.B
mus_musculus,LYS,C,1046.C - 103.C,deHHLNL,LY5,NZ,1046.C,LY4,CE,103.C,NONE,NONE,NONE,NONE
mus_musculus,LYS,C,1046.C - 98.B,deHHLNL,LY5,NZ,1046.C,LY4,CE,98.B,NONE,NONE,NONE,NONE
mus_musculus,LYS,C,103.C - 1046.A,deHHLNL,LY5,NZ,1046.A,LY4,CE,103.C,NONE,NONE,NONE,NONE
mus_musculus,LYS,C,1046.A - 98.B,deHHLNL,LY5,NZ,1046.A,LY4,CE,98.B,NONE,NONE,NONE,NONE
mus_musculus,LYS,N,9.C - 946.A,deHHLNL,LY5,NZ,9.C,LY4,CE,946.A,NONE,NONE,NONE,NONE
mus_musculus,LYS,N,9.C - 944.B,deHHLNL,LY5,NZ,9.C,LY4,CE,944.B,NONE,NONE,NONE,NONE
mus_musculus,LYS,N,5.B - 944.B,deHHLNL,LY5,NZ,5.B,LY4,CE,944.B,NONE,NONE,NONE,NONE
mus_musculus,LYS,N,946.A - 5.B,deHHLNL,LY5,NZ,5.B,LY4,CE,946.A,NONE,NONE,NONE,NONE
mus_musculus,LYS,C,1046.C - 103.C,deHLNL,LX5,NZ,1046.C,LX4,CE,103.C,NONE,NONE,NONE,NONE
mus_musculus,LYS,C,1046.C - 98.B,deHLNL,LX5,NZ,1046.C,LX4,CE,98.B,NONE,NONE,NONE,NONE
mus_musculus,LYS,C,103.C - 1046.A,deHLNL,LX5,NZ,1046.A,LX4,CE,103.C,NONE,NONE,NONE,NONE
mus_musculus,LYS,C,1046.A - 98.B,deHLNL,LX5,NZ,1046.A,LX4,CE,98.B,NONE,NONE,NONE,NONE
mus_musculus,LYS,N,9.C - 946.A,deHLNL,LX5,NZ,9.C,LX4,CE,946.A,NONE,NONE,NONE,NONE
mus_musculus,LYS,N,9.C - 944.B,deHLNL,LX5,NZ,9.C,LX4,CE,944.B,NONE,NONE,NONE,NONE
mus_musculus,LYS,N,5.B - 944.B,deHLNL,LX5,NZ,5.B,LX4,CE,944.B,NONE,NONE,NONE,NONE
mus_musculus,LYS,N,946.A - 5.B,deHLNL,LX5,NZ,5.B,LX4,CE,946.A,NONE,NONE,NONE,NONE
mustela_putorius,LYS,C,1047.C - 1047.A - 104.C,DPD,LX3,CG,1047.C,LX2,CB,1047.A,LXX,C13,C12,104.C
mustela_putorius,LYS,C,1047.C - 1047.A - 99.B,DPD,LX3,CG,1047.C,LX2,CB,1047.A,LXX,C13,C12,99.B
mustela_putorius,LYS,N,6.B - 9.C - 947.A,DPD,LX3,CG,6.B,LX2,CB,9.C,LXX,C13,C12,947.A
mustela_putorius,LYS,N,9.C - 6.B - 945.B,DPD,LX3,CG,9.C,LX2,CB,6.B,LXX,C13,C12,945.B
mustela_putorius,LYS,C,1047.C - 1047.A - 104.C,DPL,L3X,CG,1047.C,L2X,CG,1047.A,LYY,C13,C12,104.C
mustela_putorius,LYS,C,1047.C - 1047.A - 99.B,DPL,L3X,CG,1047.C,L2X,CG,1047.A,LYY,C13,C12,99.B
mustela_putorius,LYS,N,6.B - 9.C - 947.A,DPL,L3X,CG,6.B,L2X,CG,9.C,LYY,C13,C12,947.A
mustela_putorius,LYS,N,9.C - 6.B - 945.B,DPL,L3X,CG,9.C,L2X,CG,6.B,LYY,C13,C12,945.B
mustela_putorius,LYS,C,1047.C - 104.C,HLKNL,L5Y,NZ,1047.C,L4Y,CE,104.C,NONE,NONE,NONE,NONE
mustela_putorius,LYS,C,1047.C - 99.B,HLKNL,L5Y,NZ,1047.C,L4Y,CE,99.B,NONE,NONE,NONE,NONE
mustela_putorius,LYS,C,104.C - 1047.A,HLKNL,L5Y,NZ,1047.A,L4Y,CE,104.C,NONE,NONE,NONE,NONE
mustela_putorius,LYS,C,1047.A - 99.B,HLKNL,L5Y,NZ,1047.A,L4Y,CE,99.B,NONE,NONE,NONE,NONE
mustela_putorius,LYS,N,9.C - 947.A,HLKNL,L5Y,NZ,9.C,L4Y,CE,947.A,NONE,NONE,NONE,NONE
mustela_putorius,LYS,N,945.B - 6.B,HLKNL,L5Y,NZ,6.B,L4Y,CE,945.B,NONE,NONE,NONE,NONE
mustela_putorius,LYS,N,945.B - 9.C,HLKNL,L5Y,NZ,9.C,L4Y,CE,945.B,NONE,NONE,NONE,NONE
mustela_putorius,LYS,N,947.A - 6.B,HLKNL,L5Y,NZ,6.B,L4Y,CE,947.A,NONE,NONE,NONE,NONE
mustela_putorius,LYS,C,1047.C - 104.C,LKNL,L5X,NZ,1047.C,L4X,CE,104.C,NONE,NONE,NONE,NONE
mustela_putorius,LYS,C,1047.C - 99.B,LKNL,L5X,NZ,1047.C,L4X,CE,99.B,NONE,NONE,NONE,NONE
mustela_putorius,LYS,C,104.C - 1047.A,LKNL,L5X,NZ,1047.A,L4X,CE,104.C,NONE,NONE,NONE,NONE
mustela_putorius,LYS,C,1047.A - 99.B,LKNL,L5X,NZ,1047.A,L4X,CE,99.B,NONE,NONE,NONE,NONE
mustela_putorius,LYS,N,9.C - 947.A,LKNL,L5X,NZ,9.C,L4X,CE,947.A,NONE,NONE,NONE,NONE
mustela_putorius,LYS,N,945.B - 6.B,LKNL,L5X,NZ,6.B,L4X,CE,945.B,NONE,NONE,NONE,NONE
mustela_putorius,LYS,N,945.B - 9.C,LKNL,L5X,NZ,9.C,L4X,CE,945.B,NONE,NONE,NONE,NONE
mustela_putorius,LYS,N,947.A - 6.B,LKNL,L5X,NZ,6.B,L4X,CE,947.A,NONE,NONE,NONE,NONE
mustela_putorius,LYS,C,1047.C - 104.C,NOCROSS,NONE,NONE,NONE,NONE,NONE,NONE,NONE,NONE,NONE,NONE
mustela_putorius,LYS,C,1047.C - 99.B,NOCROSS,NONE,NONE,NONE,NONE,NONE,NONE,NONE,NONE,NONE,NONE
mustela_putorius,LYS,C,104.C - 1047.A,NOCROSS,NONE,NONE,NONE,NONE,NONE,NONE,NONE,NONE,NONE,NONE
mustela_putorius,LYS,C,1047.A - 99.B,NOCROSS,NONE,NONE,NONE,NONE,NONE,NONE,NONE,NONE,NONE,NONE
mustela_putorius,LYS,N,9.C - 947.A,NOCROSS,NONE,NONE,NONE,NONE,NONE,NONE,NONE,NONE,NONE,NONE
mustela_putorius,LYS,N,945.B - 6.B,NOCROSS,NONE,NONE,NONE,NONE,NONE,NONE,NONE,NONE,NONE,NONE
mustela_putorius,LYS,N,945.B - 9.C,NOCROSS,NONE,NONE,NONE,NONE,NONE,NONE,NONE,NONE,NONE,NONE
mustela_putorius,LYS,N,947.A - 6.B,NOCROSS,NONE,NONE,NONE,NONE,NONE,NONE,NONE,NONE,NONE,NONE
mustela_putorius,LYS,C,1047.C - 1047.A - 104.C,PYD,LY3,CG,1047.C,LY2,CB,1047.A,LYX,C13,C12,104.C
mustela_putorius,LYS,C,1047.C - 1047.A - 99.B,PYD,LY3,CG,1047.C,LY2,CB,1047.A,LYX,C13,C12,99.B
mustela_putorius,LYS,N,6.B - 9.C - 947.A,PYD,LY3,CG,6.B,LY2,CB,9.C,LYX,C13,C12,947.A
mustela_putorius,LYS,N,9.C - 6.B - 945.B,PYD,LY3,CG,9.C,LY2,CB,6.B,LYX,C13,C12,945.B
mustela_putorius,LYS,C,1047.C - 1047.A - 104.C,PYL,L3Y,CG,1047.C,L2Y,CG,1047.A,LXY,C13,C12,104.C
mustela_putorius,LYS,C,1047.C - 1047.A - 99.B,PYL,L3Y,CG,1047.C,L2Y,CG,1047.A,LXY,C13,C12,99.B
mustela_putorius,LYS,N,6.B - 9.C - 947.A,PYL,L3Y,CG,6.B,L2Y,CG,9.C,LXY,C13,C12,947.A
mustela_putorius,LYS,N,9.C - 6.B - 945.B,PYL,L3Y,CG,9.C,L2Y,CG,6.B,LXY,C13,C12,945.B
mustela_putorius,LYS,C,1047.C - 104.C,deHHLNL,LY5,NZ,1047.C,LY4,CE,104.C,NONE,NONE,NONE,NONE
mustela_putorius,LYS,C,1047.C - 99.B,deHHLNL,LY5,NZ,1047.C,LY4,CE,99.B,NONE,NONE,NONE,NONE
mustela_putorius,LYS,C,104.C - 1047.A,deHHLNL,LY5,NZ,1047.A,LY4,CE,104.C,NONE,NONE,NONE,NONE
mustela_putorius,LYS,C,1047.A - 99.B,deHHLNL,LY5,NZ,1047.A,LY4,CE,99.B,NONE,NONE,NONE,NONE
mustela_putorius,LYS,N,9.C - 947.A,deHHLNL,LY5,NZ,9.C,LY4,CE,947.A,NONE,NONE,NONE,NONE
mustela_putorius,LYS,N,945.B - 6.B,deHHLNL,LY5,NZ,6.B,LY4,CE,945.B,NONE,NONE,NONE,NONE
mustela_putorius,LYS,N,945.B - 9.C,deHHLNL,LY5,NZ,9.C,LY4,CE,945.B,NONE,NONE,NONE,NONE
mustela_putorius,LYS,N,947.A - 6.B,deHHLNL,LY5,NZ,6.B,LY4,CE,947.A,NONE,NONE,NONE,NONE
mustela_putorius,LYS,C,1047.C - 104.C,deHLNL,LX5,NZ,1047.C,LX4,CE,104.C,NONE,NONE,NONE,NONE
mustela_putorius,LYS,C,1047.C - 99.B,deHLNL,LX5,NZ,1047.C,LX4,CE,99.B,NONE,NONE,NONE,NONE
mustela_putorius,LYS,C,104.C - 1047.A,deHLNL,LX5,NZ,1047.A,LX4,CE,104.C,NONE,NONE,NONE,NONE
mustela_putorius,LYS,C,1047.A - 99.B,deHLNL,LX5,NZ,1047.A,LX4,CE,99.B,NONE,NONE,NONE,NONE
mustela_putorius,LYS,N,9.C - 947.A,deHLNL,LX5,NZ,9.C,LX4,CE,947.A,NONE,NONE,NONE,NONE
mustela_putorius,LYS,N,945.B - 6.B,deHLNL,LX5,NZ,6.B,LX4,CE,945.B,NONE,NONE,NONE,NONE
mustela_putorius,LYS,N,945.B - 9.C,deHLNL,LX5,NZ,9.C,LX4,CE,945.B,NONE,NONE,NONE,NONE
mustela_putorius,LYS,N,947.A - 6.B,deHLNL,LX5,NZ,6.B,LX4,CE,947.A,NONE,NONE,NONE,NONE
myotis_lucifugus,LYS,C,1046.C - 1046.A -103.C,DPD,LX3,CG,1046.C,LX2,CB,1046.A,LXX,C13,C12,103.C
myotis_lucifugus,LYS,C,1046.C - 1046.A - 98.B,DPD,LX3,CG,1046.C,LX2,CB,1046.A,LXX,C13,C12,98.B
myotis_lucifugus,LYS,N,5.B - 9.C - 946.A,DPD,LX3,CG,5.B,LX2,CB,9.C,LXX,C13,C12,946.A
myotis_lucifugus,LYS,N,9.C - 5.B - 944.B,DPD,LX3,CG,9.C,LX2,CB,5.B,LXX,C13,C12,944.B
myotis_lucifugus,LYS,C,1046.C - 1046.A - 103.C,DPL,L3X,CG,1046.C,L2X,CG,1046.A,LYY,C13,C12,103.C
myotis_lucifugus,LYS,C,1046.C - 1046.A - 98.B,DPL,L3X,CG,1046.C,L2X,CG,1046.A,LYY,C13,C12,98.B
myotis_lucifugus,LYS,N,5.B - 9.C - 946.A,DPL,L3X,CG,5.B,L2X,CG,9.C,LYY,C13,C12,946.A
myotis_lucifugus,LYS,N,9.C - 5.B - 944.B,DPL,L3X,CG,9.C,L2X,CG,5.B,LYY,C13,C12,944.B
myotis_lucifugus,LYS,C,1046.C - 103.C,HLKNL,L5Y,NZ,1046.C,L4Y,CE,103.C,NONE,NONE,NONE,NONE
myotis_lucifugus,LYS,C,1046.C - 98.B,HLKNL,L5Y,NZ,1046.C,L4Y,CE,98.B,NONE,NONE,NONE,NONE
myotis_lucifugus,LYS,C,103.C - 1046.A,HLKNL,L5Y,NZ,1046.A,L4Y,CE,103.C,NONE,NONE,NONE,NONE
myotis_lucifugus,LYS,C,1046.A - 98.B,HLKNL,L5Y,NZ,1046.A,L4Y,CE,98.B,NONE,NONE,NONE,NONE
myotis_lucifugus,LYS,N,9.C - 946.A,HLKNL,L5Y,NZ,9.C,L4Y,CE,946.A,NONE,NONE,NONE,NONE
myotis_lucifugus,LYS,N,9.C - 944.B,HLKNL,L5Y,NZ,9.C,L4Y,CE,944.B,NONE,NONE,NONE,NONE
myotis_lucifugus,LYS,N,946.A - 5.B,HLKNL,L5Y,NZ,5.B,L4Y,CE,946.A,NONE,NONE,NONE,NONE
myotis_lucifugus,LYS,N,5.B - 944.B,HLKNL,L5Y,NZ,5.B,L4Y,CE,944.B,NONE,NONE,NONE,NONE
myotis_lucifugus,LYS,C,1046.C - 103.C,LKNL,L5X,NZ,1046.C,L4X,CE,103.C,NONE,NONE,NONE,NONE
myotis_lucifugus,LYS,C,1046.C - 98.B,LKNL,L5X,NZ,1046.C,L4X,CE,98.B,NONE,NONE,NONE,NONE
myotis_lucifugus,LYS,C,103.C - 1046.A,LKNL,L5X,NZ,1046.A,L4X,CE,103.C,NONE,NONE,NONE,NONE
myotis_lucifugus,LYS,C,1046.A - 98.B,LKNL,L5X,NZ,1046.A,L4X,CE,98.B,NONE,NONE,NONE,NONE
myotis_lucifugus,LYS,N,9.C - 946.A,LKNL,L5X,NZ,9.C,L4X,CE,946.A,NONE,NONE,NONE,NONE
myotis_lucifugus,LYS,N,9.C - 944.B,LKNL,L5X,NZ,9.C,L4X,CE,944.B,NONE,NONE,NONE,NONE
myotis_lucifugus,LYS,N,946.A - 5.B,LKNL,L5X,NZ,5.B,L4X,CE,946.A,NONE,NONE,NONE,NONE
myotis_lucifugus,LYS,N,5.B - 944.B,LKNL,L5X,NZ,5.B,L4X,CE,944.B,NONE,NONE,NONE,NONE
myotis_lucifugus,LYS,C,1046.C - 103.C,NOCROSS,NONE,NONE,NONE,NONE,NONE,NONE,NONE,NONE,NONE,NONE
myotis_lucifugus,LYS,C,1046.C - 98.B,NOCROSS,NONE,NONE,NONE,NONE,NONE,NONE,NONE,NONE,NONE,NONE
myotis_lucifugus,LYS,C,103.C - 1046.A,NOCROSS,NONE,NONE,NONE,NONE,NONE,NONE,NONE,NONE,NONE,NONE
myotis_lucifugus,LYS,C,1046.A - 98.B,NOCROSS,NONE,NONE,NONE,NONE,NONE,NONE,NONE,NONE,NONE,NONE
myotis_lucifugus,LYS,N,9.C - 946.A,NOCROSS,NONE,NONE,NONE,NONE,NONE,NONE,NONE,NONE,NONE,NONE
myotis_lucifugus,LYS,N,9.C - 944.B,NOCROSS,NONE,NONE,NONE,NONE,NONE,NONE,NONE,NONE,NONE,NONE
myotis_lucifugus,LYS,N,946.A - 5.B,NOCROSS,NONE,NONE,NONE,NONE,NONE,NONE,NONE,NONE,NONE,NONE
myotis_lucifugus,LYS,N,5.B - 944.B,NOCROSS,NONE,NONE,NONE,NONE,NONE,NONE,NONE,NONE,NONE,NONE
myotis_lucifugus,LYS,C,1046.C - 1046.A - 103.C,PYD,LY3,CG,1046.C,LY2,CB,1046.A,LYX,C13,C12,103.C
myotis_lucifugus,LYS,C,1046.C - 1046.A - 98.B,PYD,LY3,CG,1046.C,LY2,CB,1046.A,LYX,C13,C12,98.B
myotis_lucifugus,LYS,N,6.B - 9.C - 946.A,PYD,LY3,CG,5.B,LY2,CB,9.C,LYX,C13,C12,946.A
myotis_lucifugus,LYS,N,9.C - 5.B - 944.B,PYD,LY3,CG,9.C,LY2,CB,5.B,LYX,C13,C12,944.B
myotis_lucifugus,LYS,C,1046.C - 1046.A - 103.C,PYL,L3Y,CG,1046.C,L2Y,CG,1046.A,LXY,C13,C12,103.C
myotis_lucifugus,LYS,C,1046.C - 1046.A - 98.B,PYL,L3Y,CG,1046.C,L2Y,CG,1046.A,LXY,C13,C12,98.B
myotis_lucifugus,LYS,N,6.B - 9.C - 946.A,PYL,L3Y,CG,5.B,L2Y,CG,9.C,LXY,C13,C12,946.A
myotis_lucifugus,LYS,N,9.C - 5.B - 944.B,PYL,L3Y,CG,9.C,L2Y,CG,5.B,LXY,C13,C12,944.B
myotis_lucifugus,LYS,C,1046.C - 103.C,deHHLNL,LY5,NZ,1046.C,LY4,CE,103.C,NONE,NONE,NONE,NONE
myotis_lucifugus,LYS,C,1046.C - 98.B,deHHLNL,LY5,NZ,1046.C,LY4,CE,98.B,NONE,NONE,NONE,NONE
myotis_lucifugus,LYS,C,103.C - 1046.A,deHHLNL,LY5,NZ,1046.A,LY4,CE,103.C,NONE,NONE,NONE,NONE
myotis_lucifugus,LYS,C,1046.A - 98.B,deHHLNL,LY5,NZ,1046.A,LY4,CE,98.B,NONE,NONE,NONE,NONE
myotis_lucifugus,LYS,N,9.C - 946.A,deHHLNL,LY5,NZ,9.C,LY4,CE,946.A,NONE,NONE,NONE,NONE
myotis_lucifugus,LYS,N,9.C - 944.B,deHHLNL,LY5,NZ,9.C,LY4,CE,944.B,NONE,NONE,NONE,NONE
myotis_lucifugus,LYS,N,946.A - 5.B,deHHLNL,LY5,NZ,5.B,LY4,CE,946.A,NONE,NONE,NONE,NONE
myotis_lucifugus,LYS,N,5.B - 944.B,deHHLNL,LY5,NZ,5.B,LY4,CE,944.B,NONE,NONE,NONE,NONE
myotis_lucifugus,LYS,C,1046.C - 103.C,deHLNL,LX5,NZ,1046.C,LX4,CE,103.C,NONE,NONE,NONE,NONE
myotis_lucifugus,LYS,C,1046.C - 98.B,deHLNL,LX5,NZ,1046.C,LX4,CE,98.B,NONE,NONE,NONE,NONE
myotis_lucifugus,LYS,C,103.C - 1046.A,deHLNL,LX5,NZ,1046.A,LX4,CE,103.C,NONE,NONE,NONE,NONE
myotis_lucifugus,LYS,C,1046.A - 98.B,deHLNL,LX5,NZ,1046.A,LX4,CE,98.B,NONE,NONE,NONE,NONE
myotis_lucifugus,LYS,N,9.C - 946.A,deHLNL,LX5,NZ,9.C,LX4,CE,946.A,NONE,NONE,NONE,NONE
myotis_lucifugus,LYS,N,9.C - 944.B,deHLNL,LX5,NZ,9.C,LX4,CE,944.B,NONE,NONE,NONE,NONE
myotis_lucifugus,LYS,N,946.A - 5.B,deHLNL,LX5,NZ,5.B,LX4,CE,946.A,NONE,NONE,NONE,NONE
myotis_lucifugus,LYS,N,5.B - 944.B,deHLNL,LX5,NZ,5.B,LX4,CE,944.B,NONE,NONE,NONE,NONE
oreochromis_niloticus,LYS,C,1045.C - 1045.A - 103.C,DPD,LX3,CG,1045.C,LX2,CB,1045.A,LXX,C13,C12,103.C
oreochromis_niloticus,LYS,C,1045.C - 1045.A - 99.B,DPD,LX3,CG,1045.C,LX2,CB,1045.A,LXX,C13,C12,99.B
oreochromis_niloticus,LYS,N,6.B - 9.C - 946.A,DPD,LX3,CG,6.B,LX2,CB,9.C,LXX,C13,C12,946.A
oreochromis_niloticus,LYS,C,1045.C - 1045.A - 103.C,DPL,L3Y,CG,1045.C,L2Y,CG,1045.A,LYY,C13,C12,103.C
oreochromis_niloticus,LYS,C,1045.C - 1045.A - 99.B,DPL,L3Y,CG,1045.C,L2Y,CG,1045.A,LYY,C13,C12,99.B
oreochromis_niloticus,LYS,N,6.B - 9.C - 946.A,DPL,L3X,CG,6.B,L2X,CG,9.C,LYY,C13,C12,946.A
oreochromis_niloticus,LYS,C,103.C - 1045.A,HLKNL,L5Y,NZ,1045.A,L4Y,CE,103.C,NONE,NONE,NONE,NONE
oreochromis_niloticus,LYS,C,103.C - 1045.C,HLKNL,L5Y,NZ,1045.C,L4Y,CE,103.C,NONE,NONE,NONE,NONE
oreochromis_niloticus,LYS,C,1045.A - 99.B,HLKNL,L5Y,NZ,1045.A,L4Y,CE,99.B,NONE,NONE,NONE,NONE
oreochromis_niloticus,LYS,C,1045.C - 99.B,HLKNL,L5Y,NZ,1045.C,L4Y,CE,99.B,NONE,NONE,NONE,NONE
oreochromis_niloticus,LYS,N,9.C - 946.A,HLKNL,L5Y,NZ,9.C,L4Y,CE,946.A,NONE,NONE,NONE,NONE
oreochromis_niloticus,LYS,N,946.A - 6.B,HLKNL,L5Y,NZ,6.B,L4Y,CE,946.A,NONE,NONE,NONE,NONE
oreochromis_niloticus,LYS,C,103.C - 1045.A,LKNL,L5X,NZ,1045.A,L4X,CE,103.C,NONE,NONE,NONE,NONE
oreochromis_niloticus,LYS,C,103.C - 1045.C,LKNL,L5X,NZ,1045.C,L4X,CE,103.C,NONE,NONE,NONE,NONE
oreochromis_niloticus,LYS,C,1045.A - 99.B,LKNL,L5X,NZ,1045.A,L4X,CE,99.B,NONE,NONE,NONE,NONE
oreochromis_niloticus,LYS,C,1045.C - 99.B,LKNL,L5X,NZ,1045.C,L4X,CE,99.B,NONE,NONE,NONE,NONE
oreochromis_niloticus,LYS,N,9.C - 946.A,LKNL,L5X,NZ,9.C,L4X,CE,946.A,NONE,NONE,NONE,NONE
oreochromis_niloticus,LYS,N,946.A - 6.B,LKNL,L5X,NZ,6.B,L4X,CE,946.A,NONE,NONE,NONE,NONE
oreochromis_niloticus,LYS,C,103.C - 1045.A,NOCROSS,NONE,NONE,NONE,NONE,NONE,NONE,NONE,NONE,NONE,NONE
oreochromis_niloticus,LYS,C,103.C - 1045.C,NOCROSS,NONE,NONE,NONE,NONE,NONE,NONE,NONE,NONE,NONE,NONE
oreochromis_niloticus,LYS,C,1045.A - 99.B,NOCROSS,NONE,NONE,NONE,NONE,NONE,NONE,NONE,NONE,NONE,NONE
oreochromis_niloticus,LYS,C,1045.C - 99.B,NOCROSS,NONE,NONE,NONE,NONE,NONE,NONE,NONE,NONE,NONE,NONE
oreochromis_niloticus,LYS,N,9.C - 946.A,NOCROSS,NONE,NONE,NONE,NONE,NONE,NONE,NONE,NONE,NONE,NONE
oreochromis_niloticus,LYS,N,946.A - 6.B,NOCROSS,NONE,NONE,NONE,NONE,NONE,NONE,NONE,NONE,NONE,NONE
oreochromis_niloticus,LYS,C,1045.C - 1045.A - 103.C,PYD,LY3,CG,1045.C,LY2,CB,1045.A,LYX,C13,C12,103.C
oreochromis_niloticus,LYS,C,1045.C - 1045.A - 99.B,PYD,LY3,CG,1045.C,LY2,CB,1045.A,LYX,C13,C12,99.B
oreochromis_niloticus,LYS,N,6.B - 9.C - 946.A,PYD,LY3,CG,6.B,LY2,CB,9.C,LYX,C13,C12,946.A
oreochromis_niloticus,LYS,C,1045.C - 1045.A - 103.C,PYL,L3Y,CG,1045.C,L2Y,CG,1045.A,LXY,C13,C12,103.C
oreochromis_niloticus,LYS,C,1045.C - 1045.A - 99.B,PYL,L3Y,CG,1045.C,L2Y,CG,1045.A,LXY,C13,C12,99.B
oreochromis_niloticus,LYS,N,6.B - 9.C - 946.A,PYL,L3Y,CG,6.B,L2Y,CG,9.C,LXY,C13,C12,946.A
oreochromis_niloticus,LYS,C,103.C - 1045.A,deHHLNL,LY5,NZ,1045.A,LY4,CE,103.C,NONE,NONE,NONE,NONE
oreochromis_niloticus,LYS,C,103.C - 1045.C,deHHLNL,LY5,NZ,1045.C,LY4,CE,103.C,NONE,NONE,NONE,NONE
oreochromis_niloticus,LYS,C,1045.A - 99.B,deHHLNL,LY5,NZ,1045.A,LY4,CE,99.B,NONE,NONE,NONE,NONE
oreochromis_niloticus,LYS,C,1045.C - 99.B,deHHLNL,LY5,NZ,1045.C,LY4,CE,99.B,NONE,NONE,NONE,NONE
oreochromis_niloticus,LYS,N,9.C - 946.A,deHHLNL,LY5,NZ,9.C,LY4,CE,946.A,NONE,NONE,NONE,NONE
oreochromis_niloticus,LYS,N,946.A - 6.B,deHHLNL,LY5,NZ,6.B,LY4,CE,946.A,NONE,NONE,NONE,NONE
oreochromis_niloticus,LYS,C,103.C - 1045.A,deHLNL,LX5,NZ,1045.A,LX4,CE,103.C,NONE,NONE,NONE,NONE
oreochromis_niloticus,LYS,C,103.C - 1045.C,deHLNL,LX5,NZ,1045.C,LX4,CE,103.C,NONE,NONE,NONE,NONE
oreochromis_niloticus,LYS,C,1045.A - 99.B,deHLNL,LX5,NZ,1045.A,LX4,CE,99.B,NONE,NONE,NONE,NONE
oreochromis_niloticus,LYS,C,1045.C - 99.B,deHLNL,LX5,NZ,1045.C,LX4,CE,99.B,NONE,NONE,NONE,NONE
oreochromis_niloticus,LYS,N,9.C - 946.A,deHLNL,LX5,NZ,9.C,LX4,CE,946.A,NONE,NONE,NONE,NONE
oreochromis_niloticus,LYS,N,946.A - 6.B,deHLNL,LX5,NZ,6.B,LX4,CE,946.A,NONE,NONE,NONE,NONE
oryzias_latipes,LYS,C,1043.C - 1043.A - 103.C,DPD,LX3,CG,1043.C,LX2,CB,1043.A,LXX,C13,C12,103.C
oryzias_latipes,LYS,C,1043.C - 1043.A - 99.B,DPD,LX3,CG,1043.C,LX2,CB,1043.A,LXX,C13,C12,99.B
oryzias_latipes,LYS,N,6.B - 9.C - 946.A,DPD,LX3,CG,6.B,LX2,CB,9.C,LXX,C13,C12,946.A
oryzias_latipes,LYS,C,1043.C - 1043.A - 103.C,DPL,L3X,CG,1043.C,L2X,CG,1043.A,LYY,C13,C12,103.C
oryzias_latipes,LYS,C,1043.C - 1043.A - 99.B,DPL,L3X,CG,1043.C,L2X,CG,1043.A,LYY,C13,C12,99.B
oryzias_latipes,LYS,N,6.B - 9.C - 946.A,DPL,L3X,CG,6.B,L2X,CG,9.C,LYY,C13,C12,946.A
oryzias_latipes,LYS,C,103.C - 1043.A,HLKNL,L5Y,NZ,1043.A,L4Y,CE,103.C,NONE,NONE,NONE,NONE
oryzias_latipes,LYS,C,103.C - 1043.C,HLKNL,L5Y,NZ,1043.C,L4Y,CE,103.C,NONE,NONE,NONE,NONE
oryzias_latipes,LYS,C,99.B - 1043.C,HLKNL,L5Y,NZ,1043.C,L4Y,CE,99.B,NONE,NONE,NONE,NONE
oryzias_latipes,LYS,C,1043.A - 99.B,HLKNL,L5Y,NZ,1043.A,L4Y,CE,99.B,NONE,NONE,NONE,NONE
oryzias_latipes,LYS,N,9.C - 946.A,HLKNL,L5Y,NZ,9.C,L4Y,CE,946.A,NONE,NONE,NONE,NONE
oryzias_latipes,LYS,N,946.A - 6.B,HLKNL,L5Y,NZ,6.B,L4Y,CE,946.A,NONE,NONE,NONE,NONE
oryzias_latipes,LYS,C,103.C - 1043.A,LKNL,L5X,NZ,1043.A,L4X,CE,103.C,NONE,NONE,NONE,NONE
oryzias_latipes,LYS,C,103.C - 1043.C,LKNL,L5X,NZ,1043.C,L4X,CE,103.C,NONE,NONE,NONE,NONE
oryzias_latipes,LYS,C,99.B - 1043.C,LKNL,L5X,NZ,1043.C,L4X,CE,99.B,NONE,NONE,NONE,NONE
oryzias_latipes,LYS,C,1043.A - 99.B,LKNL,L5X,NZ,1043.A,L4X,CE,99.B,NONE,NONE,NONE,NONE
oryzias_latipes,LYS,N,9.C - 946.A,LKNL,L5X,NZ,9.C,L4X,CE,946.A,NONE,NONE,NONE,NONE
oryzias_latipes,LYS,N,946.A - 6.B,LKNL,L5X,NZ,6.B,L4X,CE,946.A,NONE,NONE,NONE,NONE
oryzias_latipes,LYS,C,103.C - 1043.A,NOCROSS,NONE,NONE,NONE,NONE,NONE,NONE,NONE,NONE,NONE,NONE
oryzias_latipes,LYS,C,103.C - 1043.C,NOCROSS,NONE,NONE,NONE,NONE,NONE,NONE,NONE,NONE,NONE,NONE
oryzias_latipes,LYS,C,99.B - 1043.C,NOCROSS,NONE,NONE,NONE,NONE,NONE,NONE,NONE,NONE,NONE,NONE
oryzias_latipes,LYS,C,1043.A - 99.B,NOCROSS,NONE,NONE,NONE,NONE,NONE,NONE,NONE,NONE,NONE,NONE
oryzias_latipes,LYS,N,9.C - 946.A,NOCROSS,NONE,NONE,NONE,NONE,NONE,NONE,NONE,NONE,NONE,NONE
oryzias_latipes,LYS,N,946.A - 6.B,NOCROSS,NONE,NONE,NONE,NONE,NONE,NONE,NONE,NONE,NONE,NONE
oryzias_latipes,LYS,C,1043.C - 1043.A - 103.C,PYD,LY3,CG,1043.C,LY2,CB,1043.A,LYX,C13,C12,103.C
oryzias_latipes,LYS,C,1043.C - 1043.A - 99.B,PYD,LY3,CG,1043.C,LY2,CB,1043.A,LYX,C13,C12,99.B
oryzias_latipes,LYS,N,6.B - 9 .C - 946.A,PYD,LY3,CG,6.B,LY2,CB,9.C,LYX,C13,C12,946.A
oryzias_latipes,LYS,C,1043.C - 1043.A - 103.C,PYL,L3Y,CG,1043.C,L2Y,CG,1043.A,LXY,C13,C12,103.C
oryzias_latipes,LYS,C,1043.C - 1043.A - 99.B,PYL,L3Y,CG,1043.C,L2Y,CG,1043.A,LXY,C13,C12,99.B
oryzias_latipes,LYS,N,6.B - 9 .C - 946.A,PYL,L3Y,CG,6.B,L2Y,CG,9.C,LXY,C13,C12,946.A
oryzias_latipes,LYS,C,103.C - 1043.A,deHHLNL,LY5,NZ,1043.A,LY4,CE,103.C,NONE,NONE,NONE,NONE
oryzias_latipes,LYS,C,103.C - 1043.C,deHHLNL,LY5,NZ,1043.C,LY4,CE,103.C,NONE,NONE,NONE,NONE
oryzias_latipes,LYS,C,99.B - 1043.C,deHHLNL,LY5,NZ,1043.C,LY4,CE,99.B,NONE,NONE,NONE,NONE
oryzias_latipes,LYS,C,1043.A - 99.B,deHHLNL,LY5,NZ,1043.A,LY4,CE,99.B,NONE,NONE,NONE,NONE
oryzias_latipes,LYS,N,9.C - 946.A,deHHLNL,LY5,NZ,9.C,LY4,CE,946.A,NONE,NONE,NONE,NONE
oryzias_latipes,LYS,N,946.A - 6.B,deHHLNL,LY5,NZ,6.B,LY4,CE,946.A,NONE,NONE,NONE,NONE
oryzias_latipes,LYS,C,103.C - 1043.A,deHLNL,LX5,NZ,1043.A,LX4,CE,103.C,NONE,NONE,NONE,NONE
oryzias_latipes,LYS,C,103.C - 1043.C,deHLNL,LX5,NZ,1043.C,LX4,CE,103.C,NONE,NONE,NONE,NONE
oryzias_latipes,LYS,C,99.B - 1043.C,deHLNL,LX5,NZ,1043.C,LX4,CE,99.B,NONE,NONE,NONE,NONE
oryzias_latipes,LYS,C,1043.A - 99.B,deHLNL,LX5,NZ,1043.A,LX4,CE,99.B,NONE,NONE,NONE,NONE
oryzias_latipes,LYS,N,9.C - 946.A,deHLNL,LX5,NZ,9.C,LX4,CE,946.A,NONE,NONE,NONE,NONE
oryzias_latipes,LYS,N,946.A - 6.B,deHLNL,LX5,NZ,6.B,LX4,CE,946.A,NONE,NONE,NONE,NONE
otolemur_garnettii,LYS,C,1046.C - 1046.A -103.C,DPD,LX3,CG,1046.C,LX2,CB,1046.A,LXX,C13,C12,103.C
otolemur_garnettii,LYS,C,1046.C - 1046.A - 98.B,DPD,LX3,CG,1046.C,LX2,CB,1046.A,LXX,C13,C12,98.B
otolemur_garnettii,LYS,N,5.B - 9.C - 946.A,DPD,LX3,CG,5.B,LX2,CB,9.C,LXX,C13,C12,946.A
otolemur_garnettii,LYS,N,9.C - 5.B - 944.B,DPD,LX3,CG,9.C,LX2,CB,5.B,LXX,C13,C12,944.B
otolemur_garnettii,LYS,C,1046.C - 1046.A - 103.C,DPL,L3X,CG,1046.C,L2X,CG,1046.A,LYY,C13,C12,103.C
otolemur_garnettii,LYS,C,1046.C - 1046.A - 98.B,DPL,L3X,CG,1046.C,L2X,CG,1046.A,LYY,C13,C12,98.B
otolemur_garnettii,LYS,N,5.B - 9.C - 946.A,DPL,L3X,CG,5.B,L2X,CG,9.C,LYY,C13,C12,946.A
otolemur_garnettii,LYS,N,9.C - 5.B - 944.B,DPL,L3X,CG,9.C,L2X,CG,5.B,LYY,C13,C12,944.B
otolemur_garnettii,LYS,C,1046.C - 103.C,HLKNL,L5Y,NZ,1046.C,L4Y,CE,103.C,NONE,NONE,NONE,NONE
otolemur_garnettii,LYS,C,1046.C - 98.B,HLKNL,L5Y,NZ,1046.C,L4Y,CE,98.B,NONE,NONE,NONE,NONE
otolemur_garnettii,LYS,C,103.C - 1046.A,HLKNL,L5Y,NZ,1046.A,L4Y,CE,103.C,NONE,NONE,NONE,NONE
otolemur_garnettii,LYS,C,1046.A - 98.B,HLKNL,L5Y,NZ,1046.A,L4Y,CE,98.B,NONE,NONE,NONE,NONE
otolemur_garnettii,LYS,N,9.C - 946.A,HLKNL,L5Y,NZ,9.C,L4Y,CE,946.A,NONE,NONE,NONE,NONE
otolemur_garnettii,LYS,N,9.C - 944.B,HLKNL,L5Y,NZ,9.C,L4Y,CE,944.B,NONE,NONE,NONE,NONE
otolemur_garnettii,LYS,N,946.A - 5.B,HLKNL,L5Y,NZ,5.B,L4Y,CE,946.A,NONE,NONE,NONE,NONE
otolemur_garnettii,LYS,N,944.B - 5.B,HLKNL,L5Y,NZ,5.B,L4Y,CE,944.B,NONE,NONE,NONE,NONE
otolemur_garnettii,LYS,C,1046.C - 103.C,LKNL,L5X,NZ,1046.C,L4X,CE,103.C,NONE,NONE,NONE,NONE
otolemur_garnettii,LYS,C,1046.C - 98.B,LKNL,L5X,NZ,1046.C,L4X,CE,98.B,NONE,NONE,NONE,NONE
otolemur_garnettii,LYS,C,103.C - 1046.A,LKNL,L5X,NZ,1046.A,L4X,CE,103.C,NONE,NONE,NONE,NONE
otolemur_garnettii,LYS,C,1046.A - 98.B,LKNL,L5X,NZ,1046.A,L4X,CE,98.B,NONE,NONE,NONE,NONE
otolemur_garnettii,LYS,N,9.C - 946.A,LKNL,L5X,NZ,9.C,L4X,CE,946.A,NONE,NONE,NONE,NONE
otolemur_garnettii,LYS,N,9.C - 944.B,LKNL,L5X,NZ,9.C,L4X,CE,944.B,NONE,NONE,NONE,NONE
otolemur_garnettii,LYS,N,946.A - 5.B,LKNL,L5X,NZ,5.B,L4X,CE,946.A,NONE,NONE,NONE,NONE
otolemur_garnettii,LYS,N,944.B - 5.B,LKNL,L5X,NZ,5.B,L4X,CE,944.B,NONE,NONE,NONE,NONE
otolemur_garnettii,LYS,C,1046.C - 103.C,NOCROSS,NONE,NONE,NONE,NONE,NONE,NONE,NONE,NONE,NONE,NONE
otolemur_garnettii,LYS,C,1046.C - 98.B,NOCROSS,NONE,NONE,NONE,NONE,NONE,NONE,NONE,NONE,NONE,NONE
otolemur_garnettii,LYS,C,103.C - 1046.A,NOCROSS,NONE,NONE,NONE,NONE,NONE,NONE,NONE,NONE,NONE,NONE
otolemur_garnettii,LYS,C,1046.A - 98.B,NOCROSS,NONE,NONE,NONE,NONE,NONE,NONE,NONE,NONE,NONE,NONE
otolemur_garnettii,LYS,N,9.C - 946.A,NOCROSS,NONE,NONE,NONE,NONE,NONE,NONE,NONE,NONE,NONE,NONE
otolemur_garnettii,LYS,N,9.C - 944.B,NOCROSS,NONE,NONE,NONE,NONE,NONE,NONE,NONE,NONE,NONE,NONE
otolemur_garnettii,LYS,N,946.A - 5.B,NOCROSS,NONE,NONE,NONE,NONE,NONE,NONE,NONE,NONE,NONE,NONE
otolemur_garnettii,LYS,N,944.B - 5.B,NOCROSS,NONE,NONE,NONE,NONE,NONE,NONE,NONE,NONE,NONE,NONE
otolemur_garnettii,LYS,C,1046.C - 1046.A - 103.C,PYD,LY3,CG,1046.C,LY2,CB,1046.A,LYX,C13,C12,103.C
otolemur_garnettii,LYS,C,1046.C - 1046.A - 98.B,PYD,LY3,CG,1046.C,LY2,CB,1046.A,LYX,C13,C12,98.B
otolemur_garnettii,LYS,N,6.B - 9.C - 946.A,PYD,LY3,CG,5.B,LY2,CB,9.C,LYX,C13,C12,946.A
otolemur_garnettii,LYS,N,9.C - 5.B - 944.B,PYD,LY3,CG,9.C,LY2,CB,5.B,LYX,C13,C12,944.B
otolemur_garnettii,LYS,C,1046.C - 1046.A - 103.C,PYL,L3Y,CG,1046.C,L2Y,CG,1046.A,LXY,C13,C12,103.C
otolemur_garnettii,LYS,C,1046.C - 1046.A - 98.B,PYL,L3Y,CG,1046.C,L2Y,CG,1046.A,LXY,C13,C12,98.B
otolemur_garnettii,LYS,N,6.B - 9.C - 946.A,PYL,L3Y,CG,5.B,L2Y,CG,9.C,LXY,C13,C12,946.A
otolemur_garnettii,LYS,N,9.C - 5.B - 944.B,PYL,L3Y,CG,9.C,L2Y,CG,5.B,LXY,C13,C12,944.B
otolemur_garnettii,LYS,C,1046.C - 103.C,deHHLNL,LY5,NZ,1046.C,LY4,CE,103.C,NONE,NONE,NONE,NONE
otolemur_garnettii,LYS,C,1046.C - 98.B,deHHLNL,LY5,NZ,1046.C,LY4,CE,98.B,NONE,NONE,NONE,NONE
otolemur_garnettii,LYS,C,103.C - 1046.A,deHHLNL,LY5,NZ,1046.A,LY4,CE,103.C,NONE,NONE,NONE,NONE
otolemur_garnettii,LYS,C,1046.A - 98.B,deHHLNL,LY5,NZ,1046.A,LY4,CE,98.B,NONE,NONE,NONE,NONE
otolemur_garnettii,LYS,N,9.C - 946.A,deHHLNL,LY5,NZ,9.C,LY4,CE,946.A,NONE,NONE,NONE,NONE
otolemur_garnettii,LYS,N,9.C - 944.B,deHHLNL,LY5,NZ,9.C,LY4,CE,944.B,NONE,NONE,NONE,NONE
otolemur_garnettii,LYS,N,946.A - 5.B,deHHLNL,LY5,NZ,5.B,LY4,CE,946.A,NONE,NONE,NONE,NONE
otolemur_garnettii,LYS,N,944.B - 5.B,deHHLNL,LY5,NZ,5.B,LY4,CE,944.B,NONE,NONE,NONE,NONE
otolemur_garnettii,LYS,C,1046.C - 103.C,deHLNL,LX5,NZ,1046.C,LX4,CE,103.C,NONE,NONE,NONE,NONE
otolemur_garnettii,LYS,C,1046.C - 98.B,deHLNL,LX5,NZ,1046.C,LX4,CE,98.B,NONE,NONE,NONE,NONE
otolemur_garnettii,LYS,C,103.C - 1046.A,deHLNL,LX5,NZ,1046.A,LX4,CE,103.C,NONE,NONE,NONE,NONE
otolemur_garnettii,LYS,C,1046.A - 98.B,deHLNL,LX5,NZ,1046.A,LX4,CE,98.B,NONE,NONE,NONE,NONE
otolemur_garnettii,LYS,N,9.C - 946.A,deHLNL,LX5,NZ,9.C,LX4,CE,946.A,NONE,NONE,NONE,NONE
otolemur_garnettii,LYS,N,9.C - 944.B,deHLNL,LX5,NZ,9.C,LX4,CE,944.B,NONE,NONE,NONE,NONE
otolemur_garnettii,LYS,N,946.A - 5.B,deHLNL,LX5,NZ,5.B,LX4,CE,946.A,NONE,NONE,NONE,NONE
otolemur_garnettii,LYS,N,944.B - 5.B,deHLNL,LX5,NZ,5.B,LX4,CE,944.B,NONE,NONE,NONE,NONE
pan_troglodytes,LYS,C,1047.C - 1047.A - 104.C,DPD,LX3,CG,1047.C,LX2,CB,1047.A,LXX,C13,C12,104.C
pan_troglodytes,LYS,C,1047.C - 1047.A - 98.B,DPD,LX3,CG,1047.C,LX2,CB,1047.A,LXX,C13,C12,98.B
pan_troglodytes,LYS,N,5.B - 9.C - 947.A,DPD,LX3,CG,5.B,LX2,CB,9.C,LXX,C13,C12,947.A
pan_troglodytes,LYS,N,9.C - 5.B - 944.B,DPD,LX3,CG,9.C,LX2,CB,5.B,LXX,C13,C12,944.B
pan_troglodytes,LYS,C,1047.C - 1047.A - 104.C,DPL,L3X,CG,1047.C,L2X,CG,1047.A,LYY,C13,C12,104.C
pan_troglodytes,LYS,C,1047.C - 1047.A - 98.B,DPL,L3X,CG,1047.C,L2X,CG,1047.A,LYY,C13,C12,98.B
pan_troglodytes,LYS,N,5.B - 9.C - 947.A,DPL,L3X,CG,5.B,L2X,CG,9.C,LYY,C13,C12,947.A
pan_troglodytes,LYS,N,9.C - 5.B - 944.B,DPL,L3X,CG,9.C,L2X,CG,5.B,LYY,C13,C12,944.B
pan_troglodytes,LYS,C,1047.C - 104.C,HLKNL,L5Y,NZ,1047.C,L4Y,CE,104.C,NONE,NONE,NONE,NONE
pan_troglodytes,LYS,C,1047.C - 98.B,HLKNL,L5Y,NZ,1047.C,L4Y,CE,98.B,NONE,NONE,NONE,NONE
pan_troglodytes,LYS,C,104.C - 1047.A,HLKNL,L5Y,NZ,1047.A,L4Y,CE,104.C,NONE,NONE,NONE,NONE
pan_troglodytes,LYS,C,1047.A - 98.B,HLKNL,L5Y,NZ,1047.A,L4Y,CE,98.B,NONE,NONE,NONE,NONE
pan_troglodytes,LYS,N,9.C - 947.A,HLKNL,L5Y,NZ,9.C,L4Y,CE,947.A,NONE,NONE,NONE,NONE
pan_troglodytes,LYS,N,9.C - 944.B,HLKNL,L5Y,NZ,9.C,L4Y,CE,944.B,NONE,NONE,NONE,NONE
pan_troglodytes,LYS,N,947.A - 5.B,HLKNL,L5Y,NZ,5.B,L4Y,CE,947.A,NONE,NONE,NONE,NONE
pan_troglodytes,LYS,N,5.B - 944.B,HLKNL,L5Y,NZ,5.B,L4Y,CE,944.B,NONE,NONE,NONE,NONE
pan_troglodytes,LYS,C,1047.C - 104.C,LKNL,L5X,NZ,1047.C,L4X,CE,104.C,NONE,NONE,NONE,NONE
pan_troglodytes,LYS,C,1047.C - 98.B,LKNL,L5X,NZ,1047.C,L4X,CE,98.B,NONE,NONE,NONE,NONE
pan_troglodytes,LYS,C,104.C - 1047.A,LKNL,L5X,NZ,1047.A,L4X,CE,104.C,NONE,NONE,NONE,NONE
pan_troglodytes,LYS,C,1047.A - 98.B,LKNL,L5X,NZ,1047.A,L4X,CE,98.B,NONE,NONE,NONE,NONE
pan_troglodytes,LYS,N,9.C - 947.A,LKNL,L5X,NZ,9.C,L4X,CE,947.A,NONE,NONE,NONE,NONE
pan_troglodytes,LYS,N,9.C - 944.B,LKNL,L5X,NZ,9.C,L4X,CE,944.B,NONE,NONE,NONE,NONE
pan_troglodytes,LYS,N,947.A - 5.B,LKNL,L5X,NZ,5.B,L4X,CE,947.A,NONE,NONE,NONE,NONE
pan_troglodytes,LYS,N,5.B - 944.B,LKNL,L5X,NZ,5.B,L4X,CE,944.B,NONE,NONE,NONE,NONE
pan_troglodytes,LYS,C,1047.C - 104.C,NOCROSS,NONE,NONE,NONE,NONE,NONE,NONE,NONE,NONE,NONE,NONE
pan_troglodytes,LYS,C,1047.C - 98.B,NOCROSS,NONE,NONE,NONE,NONE,NONE,NONE,NONE,NONE,NONE,NONE
pan_troglodytes,LYS,C,104.C - 1047.A,NOCROSS,NONE,NONE,NONE,NONE,NONE,NONE,NONE,NONE,NONE,NONE
pan_troglodytes,LYS,C,1047.A - 98.B,NOCROSS,NONE,NONE,NONE,NONE,NONE,NONE,NONE,NONE,NONE,NONE
pan_troglodytes,LYS,N,9.C - 947.A,NOCROSS,NONE,NONE,NONE,NONE,NONE,NONE,NONE,NONE,NONE,NONE
pan_troglodytes,LYS,N,9.C - 944.B,NOCROSS,NONE,NONE,NONE,NONE,NONE,NONE,NONE,NONE,NONE,NONE
pan_troglodytes,LYS,N,947.A - 5.B,NOCROSS,NONE,NONE,NONE,NONE,NONE,NONE,NONE,NONE,NONE,NONE
pan_troglodytes,LYS,N,5.B - 944.B,NOCROSS,NONE,NONE,NONE,NONE,NONE,NONE,NONE,NONE,NONE,NONE
pan_troglodytes,LYS,C,1047.C - 1047.A - 104.C,PYD,LY3,CG,1047.C,LY2,CB,1047.A,LYX,C13,C12,104.C
pan_troglodytes,LYS,C,1047.C - 1047.A - 98.B,PYD,LY3,CG,1047.C,LY2,CB,1047.A,LYX,C13,C12,98.B
pan_troglodytes,LYS,N,6.B - 9.C - 947.A,PYD,LY3,CG,5.B,LY2,CB,9.C,LYX,C13,C12,947.A
pan_troglodytes,LYS,N,9.C - 5.B - 944.B,PYD,LY3,CG,9.C,LY2,CB,5.B,LYX,C13,C12,944.B
pan_troglodytes,LYS,C,1047.C - 1047.A - 104.C,PYL,L3Y,CG,1047.C,L2Y,CG,1047.A,LXY,C13,C12,104.C
pan_troglodytes,LYS,C,1047.C - 1047.A - 98.B,PYL,L3Y,CG,1047.C,L2Y,CG,1047.A,LXY,C13,C12,98.B
pan_troglodytes,LYS,N,6.B - 9.C - 947.A,PYL,L3Y,CG,5.B,L2Y,CG,9.C,LXY,C13,C12,947.A
pan_troglodytes,LYS,N,9.C - 5.B - 944.B,PYL,L3Y,CG,9.C,L2Y,CG,5.B,LXY,C13,C12,944.B
pan_troglodytes,LYS,C,1047.C - 104.C,deHHLNL,LY5,NZ,1047.C,LY4,CE,104.C,NONE,NONE,NONE,NONE
pan_troglodytes,LYS,C,1047.C - 98.B,deHHLNL,LY5,NZ,1047.C,LY4,CE,98.B,NONE,NONE,NONE,NONE
pan_troglodytes,LYS,C,104.C - 1047.A,deHHLNL,LY5,NZ,1047.A,LY4,CE,104.C,NONE,NONE,NONE,NONE
pan_troglodytes,LYS,C,1047.A - 98.B,deHHLNL,LY5,NZ,1047.A,LY4,CE,98.B,NONE,NONE,NONE,NONE
pan_troglodytes,LYS,N,9.C - 947.A,deHHLNL,LY5,NZ,9.C,LY4,CE,947.A,NONE,NONE,NONE,NONE
pan_troglodytes,LYS,N,9.C - 944.B,deHHLNL,LY5,NZ,9.C,LY4,CE,944.B,NONE,NONE,NONE,NONE
pan_troglodytes,LYS,N,947.A - 5.B,deHHLNL,LY5,NZ,5.B,LY4,CE,947.A,NONE,NONE,NONE,NONE
pan_troglodytes,LYS,N,5.B - 944.B,deHHLNL,LY5,NZ,5.B,LY4,CE,944.B,NONE,NONE,NONE,NONE
pan_troglodytes,LYS,C,1047.C - 104.C,deHLNL,LX5,NZ,1047.C,LX4,CE,104.C,NONE,NONE,NONE,NONE
pan_troglodytes,LYS,C,1047.C - 98.B,deHLNL,LX5,NZ,1047.C,LX4,CE,98.B,NONE,NONE,NONE,NONE
pan_troglodytes,LYS,C,104.C - 1047.A,deHLNL,LX5,NZ,1047.A,LX4,CE,104.C,NONE,NONE,NONE,NONE
pan_troglodytes,LYS,C,1047.A - 98.B,deHLNL,LX5,NZ,1047.A,LX4,CE,98.B,NONE,NONE,NONE,NONE
pan_troglodytes,LYS,N,9.C - 947.A,deHLNL,LX5,NZ,9.C,LX4,CE,947.A,NONE,NONE,NONE,NONE
pan_troglodytes,LYS,N,9.C - 944.B,deHLNL,LX5,NZ,9.C,LX4,CE,944.B,NONE,NONE,NONE,NONE
pan_troglodytes,LYS,N,947.A - 5.B,deHLNL,LX5,NZ,5.B,LX4,CE,947.A,NONE,NONE,NONE,NONE
pan_troglodytes,LYS,N,5.B - 944.B,deHLNL,LX5,NZ,5.B,LX4,CE,944.B,NONE,NONE,NONE,NONE
pelodiscus_sinensis,LYS,C,1052.C - 1052.A - 104.C,DPD,LX3,CG,1052.C,LX2,CB,1052.A,LXX,C13,C12,104.C
pelodiscus_sinensis,LYS,C,1052.C - 1052.A - 99.B,DPD,LX3,CG,1052.C,LX2,CB,1052.A,LXX,C13,C12,99.B
pelodiscus_sinensis,LYS,N,6.B - 9.C - 952.A,DPD,LX3,CG,6.B,LX2,CB,9.C,LXX,C13,C12,952.A
pelodiscus_sinensis,LYS,N,9.C - 6.B 945.B,DPD,LX3,CG,9.C,LX2,CB,6.B,LXX,C13,C12,945.B
pelodiscus_sinensis,LYS,C,1052.C - 1052.A - 104.C,DPL,L3X,CG,1052.C,L2X,CG,1052.A,LYY,C13,C12,104.C
pelodiscus_sinensis,LYS,C,1052.C - 1052.A - 99.B,DPL,L3X,CG,1052.C,L2X,CG,1052.A,LYY,C13,C12,99.B
pelodiscus_sinensis,LYS,N,6.B - 9.C - 952.A,DPL,L3X,CG,6.B,L2X,CG,9.C,LYY,C13,C12,952.A
pelodiscus_sinensis,LYS,N,9.C - 6.B 945.B,DPL,L3X,CG,9.C,L2X,CG,6.B,LYY,C13,C12,945.B
pelodiscus_sinensis,LYS,C,1052.C - 104.C,HLKNL,L5Y,NZ,1052.C,L4Y,CE,104.C,NONE,NONE,NONE,NONE
pelodiscus_sinensis,LYS,C,1052.C - 99.B,HLKNL,L5Y,NZ,1052.C,L4Y,CE,99.B,NONE,NONE,NONE,NONE
pelodiscus_sinensis,LYS,C,104.C - 1052.A,HLKNL,L5Y,NZ,1052.A,L4Y,CE,104.C,NONE,NONE,NONE,NONE
pelodiscus_sinensis,LYS,C,1052.A - 99.B,HLKNL,L5Y,NZ,1052.A,L4Y,CE,99.B,NONE,NONE,NONE,NONE
pelodiscus_sinensis,LYS,N,9.C - 952.A,HLKNL,L5Y,NZ,9.C,L4Y,CE,952.A,NONE,NONE,NONE,NONE
pelodiscus_sinensis,LYS,N,9.C - 945.B,HLKNL,L5Y,NZ,9.C,L4Y,CE,945.B,NONE,NONE,NONE,NONE
pelodiscus_sinensis,LYS,N,952.A - 6.B,HLKNL,L5Y,NZ,6.B,L4Y,CE,952.A,NONE,NONE,NONE,NONE
pelodiscus_sinensis,LYS,N,6.B - 945.B,HLKNL,L5Y,NZ,6.B,L4Y,CE,945.B,NONE,NONE,NONE,NONE
pelodiscus_sinensis,LYS,C,1052.C - 104.C,LKNL,L5X,NZ,1052.C,L4X,CE,104.C,NONE,NONE,NONE,NONE
pelodiscus_sinensis,LYS,C,1052.C - 99.B,LKNL,L5X,NZ,1052.C,L4X,CE,99.B,NONE,NONE,NONE,NONE
pelodiscus_sinensis,LYS,C,104.C - 1052.A,LKNL,L5X,NZ,1052.A,L4X,CE,104.C,NONE,NONE,NONE,NONE
pelodiscus_sinensis,LYS,C,1052.A - 99.B,LKNL,L5X,NZ,1052.A,L4X,CE,99.B,NONE,NONE,NONE,NONE
pelodiscus_sinensis,LYS,N,9.C - 952.A,LKNL,L5X,NZ,9.C,L4X,CE,952.A,NONE,NONE,NONE,NONE
pelodiscus_sinensis,LYS,N,9.C - 945.B,LKNL,L5X,NZ,9.C,L4X,CE,945.B,NONE,NONE,NONE,NONE
pelodiscus_sinensis,LYS,N,952.A - 6.B,LKNL,L5X,NZ,6.B,L4X,CE,952.A,NONE,NONE,NONE,NONE
pelodiscus_sinensis,LYS,N,6.B - 945.B,LKNL,L5X,NZ,6.B,L4X,CE,945.B,NONE,NONE,NONE,NONE
pelodiscus_sinensis,LYS,C,1052.C - 104.C,NOCROSS,NONE,NONE,NONE,NONE,NONE,NONE,NONE,NONE,NONE,NONE
pelodiscus_sinensis,LYS,C,1052.C - 99.B,NOCROSS,NONE,NONE,NONE,NONE,NONE,NONE,NONE,NONE,NONE,NONE
pelodiscus_sinensis,LYS,C,104.C - 1052.A,NOCROSS,NONE,NONE,NONE,NONE,NONE,NONE,NONE,NONE,NONE,NONE
pelodiscus_sinensis,LYS,C,1052.A - 99.B,NOCROSS,NONE,NONE,NONE,NONE,NONE,NONE,NONE,NONE,NONE,NONE
pelodiscus_sinensis,LYS,N,9.C - 952.A,NOCROSS,NONE,NONE,NONE,NONE,NONE,NONE,NONE,NONE,NONE,NONE
pelodiscus_sinensis,LYS,N,9.C - 945.B,NOCROSS,NONE,NONE,NONE,NONE,NONE,NONE,NONE,NONE,NONE,NONE
pelodiscus_sinensis,LYS,N,952.A - 6.B,NOCROSS,NONE,NONE,NONE,NONE,NONE,NONE,NONE,NONE,NONE,NONE
pelodiscus_sinensis,LYS,N,6.B - 945.B,NOCROSS,NONE,NONE,NONE,NONE,NONE,NONE,NONE,NONE,NONE,NONE
pelodiscus_sinensis,LYS,C,1052.C - 1052.A - 104.C,PYD,LY3,CG,1052.C,LY2,CB,1052.A,LYX,C13,C12,104.C
pelodiscus_sinensis,LYS,C,1052.C - 1052.A - 99.B,PYD,LY3,CG,1052.C,LY2,CB,1052.A,LYX,C13,C12,99.B
pelodiscus_sinensis,LYS,N,6.B - 9.C - 952.A,PYD,LY3,CG,6.B,LY2,CB,9.C,LYX,C13,C12,952.A
pelodiscus_sinensis,LYS,N,9.C - 6.B - 945.B,PYD,LY3,CG,9.C,LY2,CB,6.B,LYX,C13,C12,945.B
pelodiscus_sinensis,LYS,C,1052.C - 1052.A - 104.C,PYL,L3Y,CG,1052.C,L2Y,CG,1052.A,LXY,C13,C12,104.C
pelodiscus_sinensis,LYS,C,1052.C - 1052.A - 99.B,PYL,L3Y,CG,1052.C,L2Y,CG,1052.A,LXY,C13,C12,99.B
pelodiscus_sinensis,LYS,N,6.B - 9.C - 952.A,PYL,L3Y,CG,6.B,L2Y,CG,9.C,LXY,C13,C12,952.A
pelodiscus_sinensis,LYS,N,9.C - 6.B - 945.B,PYL,L3Y,CG,9.C,L2Y,CG,6.B,LXY,C13,C12,945.B
pelodiscus_sinensis,LYS,C,1052.C - 104.C,deHHLNL,LY5,NZ,1052.C,LY4,CE,104.C,NONE,NONE,NONE,NONE
pelodiscus_sinensis,LYS,C,1052.C - 99.B,deHHLNL,LY5,NZ,1052.C,LY4,CE,99.B,NONE,NONE,NONE,NONE
pelodiscus_sinensis,LYS,C,104.C - 1052.A,deHHLNL,LY5,NZ,1052.A,LY4,CE,104.C,NONE,NONE,NONE,NONE
pelodiscus_sinensis,LYS,C,1052.A - 99.B,deHHLNL,LY5,NZ,1052.A,LY4,CE,99.B,NONE,NONE,NONE,NONE
pelodiscus_sinensis,LYS,N,9.C - 952.A,deHHLNL,LY5,NZ,9.C,LY4,CE,952.A,NONE,NONE,NONE,NONE
pelodiscus_sinensis,LYS,N,9.C - 945.B,deHHLNL,LY5,NZ,9.C,LY4,CE,945.B,NONE,NONE,NONE,NONE
pelodiscus_sinensis,LYS,N,952.A - 6.B,deHHLNL,LY5,NZ,6.B,LY4,CE,952.A,NONE,NONE,NONE,NONE
pelodiscus_sinensis,LYS,N,6.B - 945.B,deHHLNL,LY5,NZ,6.B,LY4,CE,945.B,NONE,NONE,NONE,NONE
pelodiscus_sinensis,LYS,C,1052.C - 104.C,deHLNL,LX5,NZ,1052.C,LX4,CE,104.C,NONE,NONE,NONE,NONE
pelodiscus_sinensis,LYS,C,1052.C - 99.B,deHLNL,LX5,NZ,1052.C,LX4,CE,99.B,NONE,NONE,NONE,NONE
pelodiscus_sinensis,LYS,C,104.C - 1052.A,deHLNL,LX5,NZ,1052.A,LX4,CE,104.C,NONE,NONE,NONE,NONE
pelodiscus_sinensis,LYS,C,1052.A - 99.B,deHLNL,LX5,NZ,1052.A,LX4,CE,99.B,NONE,NONE,NONE,NONE
pelodiscus_sinensis,LYS,N,9.C - 952.A,deHLNL,LX5,NZ,9.C,LX4,CE,952.A,NONE,NONE,NONE,NONE
pelodiscus_sinensis,LYS,N,9.C - 945.B,deHLNL,LX5,NZ,9.C,LX4,CE,945.B,NONE,NONE,NONE,NONE
pelodiscus_sinensis,LYS,N,952.A - 6.B,deHLNL,LX5,NZ,6.B,LX4,CE,952.A,NONE,NONE,NONE,NONE
pelodiscus_sinensis,LYS,N,6.B - 945.B,deHLNL,LX5,NZ,6.B,LX4,CE,945.B,NONE,NONE,NONE,NONE
pongo_abelii,LYS,C,1046.C - 1046.A - 104.C,DPD,LX3,CG,1046.C,LX2,CB,1046.A,LXX,C13,C12,104.C
pongo_abelii,LYS,C,1046.C - 1046.A - 97.B,DPD,LX3,CG,1046.C,LX2,CB,1046.A,LXX,C13,C12,97.B
pongo_abelii,LYS,N,5.B - 9.C - 947.A,DPD,LX3,CG,5.B,LX2,CB,9.C,LXX,C13,C12,947.A
pongo_abelii,LYS,N,9.C - 5.B - 943.B,DPD,LX3,CG,9.C,LX2,CB,5.B,LXX,C13,C12,943.B
pongo_abelii,LYS,C,1046.C - 1046.A - 104.C,DPL,L3X,CG,1046.C,L2X,CG,1046.A,LYY,C13,C12,104.C
pongo_abelii,LYS,C,1046.C - 1046.A - 97.B,DPL,L3X,CG,1046.C,L2X,CG,1046.A,LYY,C13,C12,97.B
pongo_abelii,LYS,N,5.B - 9.C - 947.A,DPL,L3X,CG,5.B,L2X,CG,9.C,LYY,C13,C12,947.A
pongo_abelii,LYS,N,9.C - 5.B - 943.B,DPL,L3X,CG,9.C,L2X,CG,5.B,LYY,C13,C12,943.B
pongo_abelii,LYS,C,1046.C - 104.C,HLKNL,L5Y,NZ,1046.C,L4Y,CE,104.C,NONE,NONE,NONE,NONE
pongo_abelii,LYS,C,1046.C - 97.B,HLKNL,L5Y,NZ,1046.C,L4Y,CE,97.B,NONE,NONE,NONE,NONE
pongo_abelii,LYS,C,104.C - 1046.A,HLKNL,L5Y,NZ,1046.A,L4Y,CE,104.C,NONE,NONE,NONE,NONE
pongo_abelii,LYS,C,1046.A - 97.B,HLKNL,L5Y,NZ,1046.A,L4Y,CE,97.B,NONE,NONE,NONE,NONE
pongo_abelii,LYS,N,9.C - 947.A,HLKNL,L5Y,NZ,9.C,L4Y,CE,947.A,NONE,NONE,NONE,NONE
pongo_abelii,LYS,N,9.C - 943.B,HLKNL,L5Y,NZ,9.C,L4Y,CE,943.B,NONE,NONE,NONE,NONE
pongo_abelii,LYS,N,947.A - 5.B,HLKNL,L5Y,NZ,5.B,L4Y,CE,947.A,NONE,NONE,NONE,NONE
pongo_abelii,LYS,N,5.B - 943.B,HLKNL,L5Y,NZ,5.B,L4Y,CE,943.B,NONE,NONE,NONE,NONE
pongo_abelii,LYS,C,1046.C - 104.C,LKNL,L5X,NZ,1046.C,L4X,CE,104.C,NONE,NONE,NONE,NONE
pongo_abelii,LYS,C,1046.C - 97.B,LKNL,L5X,NZ,1046.C,L4X,CE,97.B,NONE,NONE,NONE,NONE
pongo_abelii,LYS,C,104.C - 1046.A,LKNL,L5X,NZ,1046.A,L4X,CE,104.C,NONE,NONE,NONE,NONE
pongo_abelii,LYS,C,1046.A - 97.B,LKNL,L5X,NZ,1046.A,L4X,CE,97.B,NONE,NONE,NONE,NONE
pongo_abelii,LYS,N,9.C - 947.A,LKNL,L5X,NZ,9.C,L4X,CE,947.A,NONE,NONE,NONE,NONE
pongo_abelii,LYS,N,9.C - 943.B,LKNL,L5X,NZ,9.C,L4X,CE,943.B,NONE,NONE,NONE,NONE
pongo_abelii,LYS,N,947.A - 5.B,LKNL,L5X,NZ,5.B,L4X,CE,947.A,NONE,NONE,NONE,NONE
pongo_abelii,LYS,N,5.B - 943.B,LKNL,L5X,NZ,5.B,L4X,CE,943.B,NONE,NONE,NONE,NONE
pongo_abelii,LYS,C,1046.C - 104.C,NOCROSS,NONE,NONE,NONE,NONE,NONE,NONE,NONE,NONE,NONE,NONE
pongo_abelii,LYS,C,1046.C - 97.B,NOCROSS,NONE,NONE,NONE,NONE,NONE,NONE,NONE,NONE,NONE,NONE
pongo_abelii,LYS,C,104.C - 1046.A,NOCROSS,NONE,NONE,NONE,NONE,NONE,NONE,NONE,NONE,NONE,NONE
pongo_abelii,LYS,C,1046.A - 97.B,NOCROSS,NONE,NONE,NONE,NONE,NONE,NONE,NONE,NONE,NONE,NONE
pongo_abelii,LYS,N,9.C - 947.A,NOCROSS,NONE,NONE,NONE,NONE,NONE,NONE,NONE,NONE,NONE,NONE
pongo_abelii,LYS,N,9.C - 943.B,NOCROSS,NONE,NONE,NONE,NONE,NONE,NONE,NONE,NONE,NONE,NONE
pongo_abelii,LYS,N,947.A - 5.B,NOCROSS,NONE,NONE,NONE,NONE,NONE,NONE,NONE,NONE,NONE,NONE
pongo_abelii,LYS,N,5.B - 943.B,NOCROSS,NONE,NONE,NONE,NONE,NONE,NONE,NONE,NONE,NONE,NONE
pongo_abelii,LYS,C,1046.C - 1046.A - 104.C,PYD,LY3,CG,1046.C,LY2,CB,1046.A,LYX,C13,C12,104.C
pongo_abelii,LYS,C,1046.C - 1046.A - 97.B,PYD,LY3,CG,1046.C,LY2,CB,1046.A,LYX,C13,C12,97.B
pongo_abelii,LYS,N,5.B - 9.C - 947.A,PYD,LY3,CG,5.B,LY2,CB,9.C,LYX,C13,C12,947.A
pongo_abelii,LYS,N,9.C - 5.B - 943.B,PYD,LY3,CG,9.C,LY2,CB,5.B,LYX,C13,C12,943.B
pongo_abelii,LYS,C,1046.C - 1046.A - 104.C,PYL,L3Y,CG,1046.C,L2Y,CG,1046.A,LXY,C13,C12,104.C
pongo_abelii,LYS,C,1046.C - 1046.A - 97.B,PYL,L3Y,CG,1046.C,L2Y,CG,1046.A,LXY,C13,C12,97.B
pongo_abelii,LYS,N,5.B - 9.C - 947.A,PYL,L3Y,CG,5.B,L2Y,CG,9.C,LXY,C13,C12,947.A
pongo_abelii,LYS,N,9.C - 5.B - 943.B,PYL,L3Y,CG,9.C,L2Y,CG,5.B,LXY,C13,C12,943.B
pongo_abelii,LYS,C,1046.C - 104.C,deHHLNL,LY5,NZ,1046.C,LY4,CE,104.C,NONE,NONE,NONE,NONE
pongo_abelii,LYS,C,1046.C - 97.B,deHHLNL,LY5,NZ,1046.C,LY4,CE,97.B,NONE,NONE,NONE,NONE
pongo_abelii,LYS,C,104.C - 1046.A,deHHLNL,LY5,NZ,1046.A,LY4,CE,104.C,NONE,NONE,NONE,NONE
pongo_abelii,LYS,C,1046.A - 97.B,deHHLNL,LY5,NZ,1046.A,LY4,CE,97.B,NONE,NONE,NONE,NONE
pongo_abelii,LYS,N,9.C - 947.A,deHHLNL,LY5,NZ,9.C,LY4,CE,947.A,NONE,NONE,NONE,NONE
pongo_abelii,LYS,N,9.C - 943.B,deHHLNL,LY5,NZ,9.C,LY4,CE,943.B,NONE,NONE,NONE,NONE
pongo_abelii,LYS,N,947.A - 5.B,deHHLNL,LY5,NZ,5.B,LY4,CE,947.A,NONE,NONE,NONE,NONE
pongo_abelii,LYS,N,5.B - 943.B,deHHLNL,LY5,NZ,5.B,LY4,CE,943.B,NONE,NONE,NONE,NONE
pongo_abelii,LYS,C,1046.C - 104.C,deHLNL,LX5,NZ,1046.C,LX4,CE,104.C,NONE,NONE,NONE,NONE
pongo_abelii,LYS,C,1046.C - 97.B,deHLNL,LX5,NZ,1046.C,LX4,CE,97.B,NONE,NONE,NONE,NONE
pongo_abelii,LYS,C,104.C - 1046.A,deHLNL,LX5,NZ,1046.A,LX4,CE,104.C,NONE,NONE,NONE,NONE
pongo_abelii,LYS,C,1046.A - 97.B,deHLNL,LX5,NZ,1046.A,LX4,CE,97.B,NONE,NONE,NONE,NONE
pongo_abelii,LYS,N,9.C - 947.A,deHLNL,LX5,NZ,9.C,LX4,CE,947.A,NONE,NONE,NONE,NONE
pongo_abelii,LYS,N,9.C - 943.B,deHLNL,LX5,NZ,9.C,LX4,CE,943.B,NONE,NONE,NONE,NONE
pongo_abelii,LYS,N,947.A - 5.B,deHLNL,LX5,NZ,5.B,LX4,CE,947.A,NONE,NONE,NONE,NONE
pongo_abelii,LYS,N,5.B - 943.B,deHLNL,LX5,NZ,5.B,LX4,CE,943.B,NONE,NONE,NONE,NONE
rattus_norvegicus,LYS,C,1046.C - 1046.A -103.C,DPD,LX3,CG,1046.C,LX2,CB,1046.A,LXX,C13,C12,103.C
rattus_norvegicus,LYS,C,1046.C - 1046.A - 98.B,DPD,LX3,CG,1046.C,LX2,CB,1046.A,LXX,C13,C12,98.B
rattus_norvegicus,LYS,N,5.B - 9.C - 946.A,DPD,LX3,CG,5.B,LX2,CB,9.C,LXX,C13,C12,946.A
rattus_norvegicus,LYS,N,9.C - 5.B - 944.B,DPD,LX3,CG,9.C,LX2,CB,5.B,LXX,C13,C12,944.B
rattus_norvegicus,LYS,C,1046.C - 1046.A - 103.C,DPL,L3X,CG,1046.C,L2X,CG,1046.A,LYY,C13,C12,103.C
rattus_norvegicus,LYS,C,1046.C - 1046.A - 98.B,DPL,L3X,CG,1046.C,L2X,CG,1046.A,LYY,C13,C12,98.B
rattus_norvegicus,LYS,N,5.B - 9.C - 946.A,DPL,L3X,CG,5.B,L2X,CG,9.C,LYY,C13,C12,946.A
rattus_norvegicus,LYS,N,9.C - 5.B - 944.B,DPL,L3X,CG,9.C,L2X,CG,5.B,LYY,C13,C12,944.B
rattus_norvegicus,LYS,C,1046.C - 103.C,HLKNL,L5Y,NZ,1046.C,L4Y,CE,103.C,NONE,NONE,NONE,NONE
rattus_norvegicus,LYS,C,1046.C - 98.B,HLKNL,L5Y,NZ,1046.C,L4Y,CE,98.B,NONE,NONE,NONE,NONE
rattus_norvegicus,LYS,C,103.C - 1046.A,HLKNL,L5Y,NZ,1046.A,L4Y,CE,103.C,NONE,NONE,NONE,NONE
rattus_norvegicus,LYS,C,1046.A - 98.B,HLKNL,L5Y,NZ,1046.A,L4Y,CE,98.B,NONE,NONE,NONE,NONE
rattus_norvegicus,LYS,N,9.C - 946.A,HLKNL,L5Y,NZ,9.C,L4Y,CE,946.A,NONE,NONE,NONE,NONE
rattus_norvegicus,LYS,N,9.C - 944.B,HLKNL,L5Y,NZ,9.C,L4Y,CE,944.B,NONE,NONE,NONE,NONE
rattus_norvegicus,LYS,N,946.A - 5.B,HLKNL,L5Y,NZ,5.B,L4Y,CE,946.A,NONE,NONE,NONE,NONE
rattus_norvegicus,LYS,N,5.B - 944.B,HLKNL,L5Y,NZ,5.B,L4Y,CE,944.B,NONE,NONE,NONE,NONE
rattus_norvegicus,LYS,C,1046.C - 103.C,LKNL,L5X,NZ,1046.C,L4X,CE,103.C,NONE,NONE,NONE,NONE
rattus_norvegicus,LYS,C,1046.C - 98.B,LKNL,L5X,NZ,1046.C,L4X,CE,98.B,NONE,NONE,NONE,NONE
rattus_norvegicus,LYS,C,103.C - 1046.A,LKNL,L5X,NZ,1046.A,L4X,CE,103.C,NONE,NONE,NONE,NONE
rattus_norvegicus,LYS,C,1046.A - 98.B,LKNL,L5X,NZ,1046.A,L4X,CE,98.B,NONE,NONE,NONE,NONE
rattus_norvegicus,LYS,N,9.C - 946.A,LKNL,L5X,NZ,9.C,L4X,CE,946.A,NONE,NONE,NONE,NONE
rattus_norvegicus,LYS,N,9.C - 944.B,LKNL,L5X,NZ,9.C,L4X,CE,944.B,NONE,NONE,NONE,NONE
rattus_norvegicus,LYS,N,946.A - 5.B,LKNL,L5X,NZ,5.B,L4X,CE,946.A,NONE,NONE,NONE,NONE
rattus_norvegicus,LYS,N,5.B - 944.B,LKNL,L5X,NZ,5.B,L4X,CE,944.B,NONE,NONE,NONE,NONE
rattus_norvegicus,LYS,C,1046.C - 103.C,NOCROSS,NONE,NONE,NONE,NONE,NONE,NONE,NONE,NONE,NONE,NONE
rattus_norvegicus,LYS,C,1046.C - 98.B,NOCROSS,NONE,NONE,NONE,NONE,NONE,NONE,NONE,NONE,NONE,NONE
rattus_norvegicus,LYS,C,103.C - 1046.A,NOCROSS,NONE,NONE,NONE,NONE,NONE,NONE,NONE,NONE,NONE,NONE
rattus_norvegicus,LYS,C,1046.A - 98.B,NOCROSS,NONE,NONE,NONE,NONE,NONE,NONE,NONE,NONE,NONE,NONE
rattus_norvegicus,LYS,N,9.C - 946.A,NOCROSS,NONE,NONE,NONE,NONE,NONE,NONE,NONE,NONE,NONE,NONE
rattus_norvegicus,LYS,N,9.C - 944.B,NOCROSS,NONE,NONE,NONE,NONE,NONE,NONE,NONE,NONE,NONE,NONE
rattus_norvegicus,LYS,N,946.A - 5.B,NOCROSS,NONE,NONE,NONE,NONE,NONE,NONE,NONE,NONE,NONE,NONE
rattus_norvegicus,LYS,N,5.B - 944.B,NOCROSS,NONE,NONE,NONE,NONE,NONE,NONE,NONE,NONE,NONE,NONE
rattus_norvegicus,LYS,C,1046.C - 1046.A - 103.C,PYD,LY3,CG,1046.C,LY2,CB,1046.A,LYX,C13,C12,103.C
rattus_norvegicus,LYS,C,1046.C - 1046.A - 98.B,PYD,LY3,CG,1046.C,LY2,CB,1046.A,LYX,C13,C12,98.B
rattus_norvegicus,LYS,N,6.B - 9.C - 946.A,PYD,LY3,CG,5.B,LY2,CB,9.C,LYX,C13,C12,946.A
rattus_norvegicus,LYS,N,9.C - 5.B - 944.B,PYD,LY3,CG,9.C,LY2,CB,5.B,LYX,C13,C12,944.B
rattus_norvegicus,LYS,C,1046.C - 1046.A - 103.C,PYL,L3Y,CG,1046.C,L2Y,CG,1046.A,LXY,C13,C12,103.C
rattus_norvegicus,LYS,C,1046.C - 1046.A - 98.B,PYL,L3Y,CG,1046.C,L2Y,CG,1046.A,LXY,C13,C12,98.B
rattus_norvegicus,LYS,N,6.B - 9.C - 946.A,PYL,L3Y,CG,5.B,L2Y,CG,9.C,LXY,C13,C12,946.A
rattus_norvegicus,LYS,N,9.C - 5.B - 944.B,PYL,L3Y,CG,9.C,L2Y,CG,5.B,LXY,C13,C12,944.B
rattus_norvegicus,LYS,C,1046.C - 103.C,deHHLNL,LY5,NZ,1046.C,LY4,CE,103.C,NONE,NONE,NONE,NONE
rattus_norvegicus,LYS,C,1046.C - 98.B,deHHLNL,LY5,NZ,1046.C,LY4,CE,98.B,NONE,NONE,NONE,NONE
rattus_norvegicus,LYS,C,103.C - 1046.A,deHHLNL,LY5,NZ,1046.A,LY4,CE,103.C,NONE,NONE,NONE,NONE
rattus_norvegicus,LYS,C,1046.A - 98.B,deHHLNL,LY5,NZ,1046.A,LY4,CE,98.B,NONE,NONE,NONE,NONE
rattus_norvegicus,LYS,N,9.C - 946.A,deHHLNL,LY5,NZ,9.C,LY4,CE,946.A,NONE,NONE,NONE,NONE
rattus_norvegicus,LYS,N,9.C - 944.B,deHHLNL,LY5,NZ,9.C,LY4,CE,944.B,NONE,NONE,NONE,NONE
rattus_norvegicus,LYS,N,946.A - 5.B,deHHLNL,LY5,NZ,5.B,LY4,CE,946.A,NONE,NONE,NONE,NONE
rattus_norvegicus,LYS,N,5.B - 944.B,deHHLNL,LY5,NZ,5.B,LY4,CE,944.B,NONE,NONE,NONE,NONE
rattus_norvegicus,LYS,C,1046.C - 103.C,deHLNL,LX5,NZ,1046.C,LX4,CE,103.C,NONE,NONE,NONE,NONE
rattus_norvegicus,LYS,C,1046.C - 98.B,deHLNL,LX5,NZ,1046.C,LX4,CE,98.B,NONE,NONE,NONE,NONE
rattus_norvegicus,LYS,C,103.C - 1046.A,deHLNL,LX5,NZ,1046.A,LX4,CE,103.C,NONE,NONE,NONE,NONE
rattus_norvegicus,LYS,C,1046.A - 98.B,deHLNL,LX5,NZ,1046.A,LX4,CE,98.B,NONE,NONE,NONE,NONE
rattus_norvegicus,LYS,N,9.C - 946.A,deHLNL,LX5,NZ,9.C,LX4,CE,946.A,NONE,NONE,NONE,NONE
rattus_norvegicus,LYS,N,9.C - 944.B,deHLNL,LX5,NZ,9.C,LX4,CE,944.B,NONE,NONE,NONE,NONE
rattus_norvegicus,LYS,N,946.A - 5.B,deHLNL,LX5,NZ,5.B,LX4,CE,946.A,NONE,NONE,NONE,NONE
rattus_norvegicus,LYS,N,5.B - 944.B,deHLNL,LX5,NZ,5.B,LX4,CE,944.B,NONE,NONE,NONE,NONE
tetraodon_nigroviridis,LYS,C,1046.C - 1046.A -104.C,DPD,LX3,CG,1046.C,LX2,CB,1046.A,LXX,C13,C12,104.C
tetraodon_nigroviridis,LYS,C,1046.C -  1046.A - 99.B,DPD,LX3,CG,1046.C,LX2,CB,1046.A,LXX,C13,C12,99.B
tetraodon_nigroviridis,LYS,N,6.B - 9.C - 948.A,DPD,LX3,CG,6.B,LX2,CB,9.C,LXX,C13,C12,948.A
tetraodon_nigroviridis,LYS,C,1046.C - 1046.A -104.C,DPL,L3X,CG,1046.C,L2X,CG,1046.A,LYY,C13,C12,104.C
tetraodon_nigroviridis,LYS,C,1046.C -  1046.A - 99.B,DPL,L3X,CG,1046.C,L2X,CG,1046.A,LYY,C13,C12,99.B
tetraodon_nigroviridis,LYS,N,6.B - 9.C - 948.A,DPL,L3X,CG,6.B,L2X,CG,9.C,LYY,C13,C12,948.A
tetraodon_nigroviridis,LYS,C,104.C - 1046.A,HLKNL,L5Y,NZ,1046.A,L4Y,CE,104.C,NONE,NONE,NONE,NONE
tetraodon_nigroviridis,LYS,C,1046.A - 99.B,HLKNL,L5Y,NZ,1046.A,L4Y,CE,99.B,NONE,NONE,NONE,NONE
tetraodon_nigroviridis,LYS,C,1046.C - 99.B,HLKNL,L5Y,NZ,1046.C,L4Y,CE,99.B,NONE,NONE,NONE,NONE
tetraodon_nigroviridis,LYS,C,1046.C - 104.C,HLKNL,L5Y,NZ,1046.C,L4Y,CE,104.C,NONE,NONE,NONE,NONE
tetraodon_nigroviridis,LYS,N,948.A - 6.B,HLKNL,L5Y,NZ,6.B,L4Y,CE,948.A,NONE,NONE,NONE,NONE
tetraodon_nigroviridis,LYS,N,9.C - 948.A,HLKNL,L5Y,NZ,9.C,L4Y,CE,948.A,NONE,NONE,NONE,NONE
tetraodon_nigroviridis,LYS,C,104.C - 1046.A,LKNL,L5X,NZ,1046.A,L4X,CE,104.C,NONE,NONE,NONE,NONE
tetraodon_nigroviridis,LYS,C,1046.A - 99.B,LKNL,L5X,NZ,1046.A,L4X,CE,99.B,NONE,NONE,NONE,NONE
tetraodon_nigroviridis,LYS,C,1046.C - 99.B,LKNL,L5X,NZ,1046.C,L4X,CE,99.B,NONE,NONE,NONE,NONE
tetraodon_nigroviridis,LYS,C,1046.C - 104.C,LKNL,L5X,NZ,1046.C,L4X,CE,104.C,NONE,NONE,NONE,NONE
tetraodon_nigroviridis,LYS,N,948.A - 6.B,LKNL,L5X,NZ,6.B,L4X,CE,948.A,NONE,NONE,NONE,NONE
tetraodon_nigroviridis,LYS,N,9.C - 948.A,LKNL,L5X,NZ,9.C,L4X,CE,948.A,NONE,NONE,NONE,NONE
tetraodon_nigroviridis,LYS,C,104.C - 1046.A,NOCROSS,NONE,NONE,NONE,NONE,NONE,NONE,NONE,NONE,NONE,NONE
tetraodon_nigroviridis,LYS,C,1046.A - 99.B,NOCROSS,NONE,NONE,NONE,NONE,NONE,NONE,NONE,NONE,NONE,NONE
tetraodon_nigroviridis,LYS,C,1046.C - 99.B,NOCROSS,NONE,NONE,NONE,NONE,NONE,NONE,NONE,NONE,NONE,NONE
tetraodon_nigroviridis,LYS,C,1046.C - 104.C,NOCROSS,NONE,NONE,NONE,NONE,NONE,NONE,NONE,NONE,NONE,NONE
tetraodon_nigroviridis,LYS,N,948.A - 6.B,NOCROSS,NONE,NONE,NONE,NONE,NONE,NONE,NONE,NONE,NONE,NONE
tetraodon_nigroviridis,LYS,N,9.C - 948.A,NOCROSS,NONE,NONE,NONE,NONE,NONE,NONE,NONE,NONE,NONE,NONE
tetraodon_nigroviridis,LYS,C,1046.C - 1046.A - 99.B,PYD,LY3,CG,1046.C,LY2,CB,1046.A,LYX,C13,C12,99.B
tetraodon_nigroviridis,LYS,C,1046.C - 1046.A - 104.C,PYD,LY3,CG,1046.C,LY2,CB,1046.A,LYX,C13,C12,104.C
tetraodon_nigroviridis,LYS,N,6.B - 9.C - 948.A,PYD,LY3,CG,6.B,LY2,CB,9.C,LYX,C13,C12,948.A
tetraodon_nigroviridis,LYS,C,1046.C - 1046.A - 104.C,PYL,L3Y,CG,1046.C,L2Y,CG,1046.A,LXY,C13,C12,104.C
tetraodon_nigroviridis,LYS,C,1046.C - 1046.A - 99.B,PYL,L3Y,CG,1046.C,L2Y,CG,1046.A,LXY,C13,C12,99.B
tetraodon_nigroviridis,LYS,N,6.B - 9.C - 948.A,PYL,L3Y,CG,6.B,L2Y,CG,9.C,LXY,C13,C12,948.A
tetraodon_nigroviridis,LYS,C,1046.A - 99.B,deHHLNL,LY5,NZ,1046.A,LY4,CE,99.B,NONE,NONE,NONE,NONE
tetraodon_nigroviridis,LYS,C,1046.C - 99.B,deHHLNL,LY5,NZ,1046.C,LY4,CE,99.B,NONE,NONE,NONE,NONE
tetraodon_nigroviridis,LYS,C,1046.C - 104.C,deHHLNL,LY5,NZ,1046.C,LY4,CE,104.C,NONE,NONE,NONE,NONE
tetraodon_nigroviridis,LYS,N,948.A - 6.B,deHHLNL,LY5,NZ,6.B,LY4,CE,948.A,NONE,NONE,NONE,NONE
tetraodon_nigroviridis,LYS,N,9.C - 948.A,deHHLNL,LY5,NZ,9.C,LY4,CE,948.A,NONE,NONE,NONE,NONE
tetraodon_nigroviridis,LYS,C,104.C - 1046.A,deHLNL,LX5,NZ,1046.A,LX4,CE,104.C,NONE,NONE,NONE,NONE
tetraodon_nigroviridis,LYS,C,1046.A - 99.B,deHLNL,LX5,NZ,1046.A,LX4,CE,99.B,NONE,NONE,NONE,NONE
tetraodon_nigroviridis,LYS,C,1046.C - 99.B,deHLNL,LX5,NZ,1046.C,LX4,CE,99.B,NONE,NONE,NONE,NONE
tetraodon_nigroviridis,LYS,C,1046.C - 104.C,deHLNL,LX5,NZ,1046.C,LX4,CE,104.C,NONE,NONE,NONE,NONE
tetraodon_nigroviridis,LYS,N,948.A - 6.B,deHLNL,LX5,NZ,6.B,LX4,CE,948.A,NONE,NONE,NONE,NONE
tetraodon_nigroviridis,LYS,N,9.C - 948.A,deHLNL,LX5,NZ,9.C,LX4,CE,948.A,NONE,NONE,NONE,NONE
xiphophorus_maculatus,LYS,C,1044.C - 1044.A - 103.C,DPD,LX3,CG,1044.C,LX2,CB,1044.A,LXX,C13,C12,103.C
xiphophorus_maculatus,LYS,C,1044.C - 1044.A - 99.B,DPD,LX3,CG,1044.C,LX2,CB,1044.A,LXX,C13,C12,99.B
xiphophorus_maculatus,LYS,N,6.B - 9.C - 946.A,DPD,LX3,CG,6.B,LX2,CB,9.C,LXX,C13,C12,946.A
xiphophorus_maculatus,LYS,C,1044.C - 1044.A - 103.C,DPL,L3X,CG,1044.C,L2X,CG,1044.A,LYY,C13,C12,103.C
xiphophorus_maculatus,LYS,C,1044.C - 1044.A - 99.B,DPL,L3X,CG,1044.C,L2X,CG,1044.A,LYY,C13,C12,99.B
xiphophorus_maculatus,LYS,N,6.B - 9.C - 946.A,DPL,L3X,CG,6.B,L2X,CG,9.C,LYY,C13,C12,946.A
xiphophorus_maculatus,LYS,C,103.C - 1044.A,HLKNL,L5Y,NZ,1044.A,L4Y,CE,103.C,NONE,NONE,NONE,NONE
xiphophorus_maculatus,LYS,C,103.C - 1044.C,HLKNL,L5Y,NZ,1044.C,L4Y,CE,103.C,NONE,NONE,NONE,NONE
xiphophorus_maculatus,LYS,C,1044.A - 99.B,HLKNL,L5Y,NZ,1044.A,L4Y,CE,99.B,NONE,NONE,NONE,NONE
xiphophorus_maculatus,LYS,C,1044.C - 99.B,HLKNL,L5Y,NZ,1044.C,L4Y,CE,99.B,NONE,NONE,NONE,NONE
xiphophorus_maculatus,LYS,N,9.C - 946.A,HLKNL,L5Y,NZ,9.C,L4Y,CE,946.A,NONE,NONE,NONE,NONE
xiphophorus_maculatus,LYS,N,946.A - 6.B,HLKNL,L5Y,NZ,6.B,L4Y,CE,946.A,NONE,NONE,NONE,NONE
xiphophorus_maculatus,LYS,C,103.C - 1044.A,LKNL,L5X,NZ,1044.A,L4X,CE,103.C,NONE,NONE,NONE,NONE
xiphophorus_maculatus,LYS,C,103.C - 1044.C,LKNL,L5X,NZ,1044.C,L4X,CE,103.C,NONE,NONE,NONE,NONE
xiphophorus_maculatus,LYS,C,1044.A - 99.B,LKNL,L5X,NZ,1044.A,L4X,CE,99.B,NONE,NONE,NONE,NONE
xiphophorus_maculatus,LYS,C,1044.C - 99.B,LKNL,L5X,NZ,1044.C,L4X,CE,99.B,NONE,NONE,NONE,NONE
xiphophorus_maculatus,LYS,N,9.C - 946.A,LKNL,L5X,NZ,9.C,L4X,CE,946.A,NONE,NONE,NONE,NONE
xiphophorus_maculatus,LYS,N,946.A - 6.B,LKNL,L5X,NZ,6.B,L4X,CE,946.A,NONE,NONE,NONE,NONE
xiphophorus_maculatus,LYS,C,103.C - 1044.A,NOCROSS,NONE,NONE,NONE,NONE,NONE,NONE,NONE,NONE,NONE,NONE
xiphophorus_maculatus,LYS,C,103.C - 1044.C,NOCROSS,NONE,NONE,NONE,NONE,NONE,NONE,NONE,NONE,NONE,NONE
xiphophorus_maculatus,LYS,C,1044.A - 99.B,NOCROSS,NONE,NONE,NONE,NONE,NONE,NONE,NONE,NONE,NONE,NONE
xiphophorus_maculatus,LYS,C,1044.C - 99.B,NOCROSS,NONE,NONE,NONE,NONE,NONE,NONE,NONE,NONE,NONE,NONE
xiphophorus_maculatus,LYS,N,9.C - 946.A,NOCROSS,NONE,NONE,NONE,NONE,NONE,NONE,NONE,NONE,NONE,NONE
xiphophorus_maculatus,LYS,N,946.A - 6.B,NOCROSS,NONE,NONE,NONE,NONE,NONE,NONE,NONE,NONE,NONE,NONE
xiphophorus_maculatus,LYS,C,1044.C - 1044.A - 103.C,PYD,LY3,CG,1044.C,LY2,CB,1044.A,LYX,C13,C12,103.C
xiphophorus_maculatus,LYS,C,1044.C - 1044.A - 99.B,PYD,LY3,CG,1044.C,LY2,CB,1044.A,LYX,C13,C12,99.B
xiphophorus_maculatus,LYS,N,6.B - 9.C - 946.A,PYD,LY3,CG,6.B,LY2,CB,9.C,LYX,C13,C12,946.A
xiphophorus_maculatus,LYS,C,1044.C - 1044.A - 103.C,PYL,L3Y,CG,1044.C,L2Y,CG,1044.A,LXY,C13,C12,103.C
xiphophorus_maculatus,LYS,C,1044.C - 1044.A - 99.B,PYL,L3Y,CG,1044.C,L2Y,CG,1044.A,LXY,C13,C12,99.B
xiphophorus_maculatus,LYS,N,6.B - 9.C - 946.A,PYL,L3Y,CG,6.B,L2Y,CG,9.C,LXY,C13,C12,946.A
xiphophorus_maculatus,LYS,C,103.C - 1044.A,deHHLNL,LY5,NZ,1044.A,LY4,CE,103.C,NONE,NONE,NONE,NONE
xiphophorus_maculatus,LYS,C,103.C - 1044.C,deHHLNL,LY5,NZ,1044.C,LY4,CE,103.C,NONE,NONE,NONE,NONE
xiphophorus_maculatus,LYS,C,1044.A - 99.B,deHHLNL,LY5,NZ,1044.A,LY4,CE,99.B,NONE,NONE,NONE,NONE
xiphophorus_maculatus,LYS,C,1044.C - 99.B,deHHLNL,LY5,NZ,1044.C,LY4,CE,99.B,NONE,NONE,NONE,NONE
xiphophorus_maculatus,LYS,N,9.C - 946.A,deHHLNL,LY5,NZ,9.C,LY4,CE,946.A,NONE,NONE,NONE,NONE
xiphophorus_maculatus,LYS,N,946.A - 6.B,deHHLNL,LY5,NZ,6.B,LY4,CE,946.A,NONE,NONE,NONE,NONE
xiphophorus_maculatus,LYS,C,103.C - 1044.A,deHLNL,LX5,NZ,1044.A,LX4,CE,103.C,NONE,NONE,NONE,NONE
xiphophorus_maculatus,LYS,C,103.C - 1044.C,deHLNL,LX5,NZ,1044.C,LX4,CE,103.C,NONE,NONE,NONE,NONE
xiphophorus_maculatus,LYS,C,1044.A - 99.B,deHLNL,LX5,NZ,1044.A,LX4,CE,99.B,NONE,NONE,NONE,NONE
xiphophorus_maculatus,LYS,C,1044.C - 99.B,deHLNL,LX5,NZ,1044.C,LX4,CE,99.B,NONE,NONE,NONE,NONE
xiphophorus_maculatus,LYS,N,9.C - 946.A,deHLNL,LX5,NZ,9.C,LX4,CE,946.A,NONE,NONE,NONE,NONE
xiphophorus_maculatus,LYS,N,946.A - 6.B,deHLNL,LX5,NZ,6.B,LX4,CE,946.A,NONE,NONE,NONE,NONE